{"stats":{"minecraft:dropped":{"minecraft:bread":192,"minecraft:wheat_seeds":1,"minecraft:gunpowder":2,"minecraft:oak_log":1,"schizophrenia:pills":8,"minecraft:oak_sapling":1,"tacz:modern_kinetic_gun":3,"gravestone:obituary":5,"tacz:ammo":322,"travelersbackpack:standard":2},"minecraft:killed_by":{"god:seraphine":1,"minecraft:player":1,"god:follower":1,"siren_head:siren_head_crawl_had_to_make_seprate_entity_for_this_ver":4,"minecraft:zombie":1},"minecraft:killed":{"minecraft:trader_llama":1,"minecraft:zombie":1,"schizophrenia:the_man":1,"minecraft:wandering_trader":1,"minecraft:villager":6,"minecraft:creeper":1,"minecraft:cow":1},"minecraft:picked_up":{"minecraft:stick":1,"god:scrollof_life":1,"minecraft:leather":2,"minecraft:torch":4,"minecraft:oak_log":4,"gravestone:obituary":1,"minecraft:spruce_sapling":2,"minecraft:spruce_log":10,"minecraft:gunpowder":2,"minecraft:dirt":35,"tacz:ammo":36,"minecraft:rotten_flesh":1,"minecraft:wheat_seeds":1,"tacz:modern_kinetic_gun":1,"minecraft:beef":2,"minecraft:bread":64,"schizophrenia:pills":3,"minecraft:oak_sapling":2,"minecraft:egg":2},"minecraft:mined":{"minecraft:large_fern":1,"minecraft:light_blue_stained_glass_pane":1,"minecraft:glass_pane":6,"minecraft:spruce_log":11,"minecraft:birch_leaves":3,"minecraft:blue_stained_glass":5,"minecraft:torch":2,"gravestone:gravestone":6,"minecraft:grass":12,"minecraft:grass_block":9,"minecraft:oak_log":4,"minecraft:dirt":27,"minecraft:glass":2,"minecraft:tall_grass":10,"minecraft:spruce_leaves":7,"minecraft:oak_leaves":11,"minecraft:wall_torch":1},"minecraft:custom":{"minecraft:time_since_rest":1500,"minecraft:sprint_one_cm":78936,"minecraft:damage_taken":14051,"minecraft:walk_one_cm":976096,"minecraft:mob_kills":12,"minecraft:drop":35,"minecraft:damage_dealt":203,"minecraft:player_kills":1,"minecraft:fly_one_cm":115788,"minecraft:play_time":128494,"minecraft:crouch_one_cm":1927,"minecraft:deaths":12,"minecraft:bell_ring":13,"minecraft:sneak_time":969,"minecraft:walk_under_water_one_cm":1916,"minecraft:jump":767,"minecraft:leave_game":4,"minecraft:time_since_death":1403,"minecraft:walk_on_water_one_cm":9714,"minecraft:sleep_in_bed":4,"minecraft:total_world_time":128494,"minecraft:climb_one_cm":4140,"minecraft:fall_one_cm":14321,"minecraft:horse_one_cm":195},"minecraft:used":{"minecraft:villager_spawn_egg":16,"minecraft:bread":2,"minecraft:spruce_sapling":2,"minecraft:torch":3,"minecraft:dirt":24,"travelersbackpack:standard":12,"minecraft:oak_sapling":1,"minecraft:cooked_porkchop":1,"minecraft:podzol":1,"minecraft:egg":2},"minecraft:crafted":{"minecraft:oak_planks":12,"minecraft:spruce_planks":40}},"DataVersion":3465}