{"stats":{"minecraft:mined":{"minecraft:deepslate_diamond_ore":5,"minecraft:jungle_leaves":15,"minecraft:granite":7,"minecraft:melon":23,"minecraft:jungle_log":7,"minecraft:tall_grass":1,"phayriosis:assimilated_remains":5,"phayriosis:consumer":1,"minecraft:grass":13,"minecraft:coal_ore":5,"minecraft:vine":5,"minecraft:deepslate_iron_ore":20,"minecraft:sand":17,"minecraft:stone":156,"phayriosis:convertedgore":1,"minecraft:deepslate":20,"minecraft:fern":8},"minecraft:killed_by":{"minecraft:player":1,"phayriosis:infector":1},"minecraft:picked_up":{"minecraft:crafting_table":1,"minecraft:jungle_log":7,"minecraft:wooden_pickaxe":1,"minecraft:cooked_rabbit":1,"minecraft:gunpowder":6,"minecraft:string":14,"minecraft:raw_copper":35,"tacz:ammo":186,"phayriosis:assimilated_flesh":3,"minecraft:wheat_seeds":18,"minecraft:cobbled_deepslate":60,"phayriosis:overgrown_molar":1,"minecraft:rabbit_hide":4,"minecraft:iron_ingot":56,"minecraft:stone_pickaxe":5,"minecraft:iron_pickaxe":3,"phayriosis:small_horn":2,"minecraft:melon_slice":352,"minecraft:oak_planks":2,"minecraft:raw_iron":24,"god:scrollof_life":1,"minecraft:torch":16,"phayriosis:sensitive_antenna":1,"phayriosis:sluggle_eggs":3,"phayriosis:vein_seeds":2,"minecraft:jungle_planks":7,"minecraft:sand":109,"minecraft:redstone":16,"minecraft:spider_eye":4,"minecraft:rotten_flesh":2,"minecraft:diamond":8,"tacz:modern_kinetic_gun":2,"minecraft:granite":7,"minecraft:golden_apple":2,"minecraft:bread":1,"minecraft:glow_berries":10,"minecraft:coal":22,"minecraft:cobblestone":349},"minecraft:crafted":{"minecraft:crafting_table":2,"minecraft:furnace":1,"minecraft:air":0,"minecraft:jungle_planks":28,"minecraft:iron_ingot":6},"minecraft:used":{"minecraft:stone_pickaxe":154,"minecraft:wooden_pickaxe":49,"minecraft:crafting_table":2,"minecraft:melon_slice":11,"minecraft:iron_pickaxe":17,"minecraft:furnace":1},"minecraft:dropped":{"minecraft:iron_ingot":34,"minecraft:bread":1,"phayriosis:sluggle_eggs":2,"phayriosis:sensitive_antenna":1,"minecraft:diamond":7,"minecraft:cobblestone":64,"minecraft:jungle_planks":20,"minecraft:melon_slice":7,"phayriosis:vein_seeds":2,"tacz:modern_kinetic_gun":1,"tacz:ammo":95,"minecraft:stone_pickaxe":2},"minecraft:broken":{"minecraft:stone_pickaxe":1,"minecraft:wooden_pickaxe":1},"minecraft:killed":{"minecraft:cave_spider":1,"phayriosis:infector":6,"phayriosis:primitive_assimilated_spider":3,"minecraft:spider":1,"phayriosis:primitive_assimilated_rabbit":1,"phayriosis:primitive_assimilated_sheep":1,"phayriosis:primitive_mindless_creeper":1,"minecraft:creeper":1,"minecraft:zombie":1,"phayriosis:primitve_assimilated_human":3,"phayriosis:primitive_mindless_skeleton":1},"minecraft:custom":{"minecraft:interact_with_furnace":3,"minecraft:mob_kills":20,"minecraft:interact_with_crafting_table":8,"minecraft:damage_dealt_resisted":48,"minecraft:time_since_death":1650,"minecraft:climb_one_cm":1506,"minecraft:time_since_rest":1713,"minecraft:sprint_one_cm":16576,"minecraft:damage_taken":926,"minecraft:walk_one_cm":293385,"minecraft:drop":54,"minecraft:damage_dealt":8,"minecraft:fly_one_cm":12461,"minecraft:player_kills":3,"minecraft:crouch_one_cm":2814,"minecraft:play_time":89219,"minecraft:deaths":2,"minecraft:sneak_time":846,"minecraft:walk_under_water_one_cm":5674,"minecraft:jump":408,"minecraft:walk_on_water_one_cm":6354,"minecraft:total_world_time":89219,"minecraft:fall_one_cm":2843}},"DataVersion":3465}