{"stats":{"minecraft:mined":{"minecraft:deepslate_diamond_ore":2,"minecraft:jungle_leaves":15,"minecraft:granite":7,"minecraft:grass":13,"minecraft:deepslate_iron_ore":16,"minecraft:coal_ore":5,"minecraft:melon":23,"minecraft:vine":5,"minecraft:jungle_log":7,"minecraft:sand":17,"minecraft:tall_grass":1,"minecraft:stone":156,"minecraft:deepslate":10,"phayriosis:consumer":1,"minecraft:fern":8},"minecraft:killed_by":{"minecraft:player":1},"minecraft:picked_up":{"minecraft:raw_iron":15,"minecraft:crafting_table":1,"minecraft:jungle_log":7,"god:scrollof_life":1,"minecraft:torch":10,"minecraft:wooden_pickaxe":1,"phayriosis:vein_seeds":2,"phayriosis:sluggle_eggs":2,"phayriosis:sensitive_antenna":1,"minecraft:sand":51,"minecraft:gunpowder":4,"minecraft:string":2,"minecraft:raw_copper":5,"tacz:ammo":56,"minecraft:rotten_flesh":1,"minecraft:diamond":4,"tacz:modern_kinetic_gun":1,"minecraft:wheat_seeds":8,"minecraft:cobbled_deepslate":12,"minecraft:granite":7,"minecraft:iron_ingot":2,"minecraft:stone_pickaxe":2,"minecraft:iron_pickaxe":1,"minecraft:melon_slice":214,"minecraft:coal":4,"minecraft:cobblestone":151},"minecraft:crafted":{"minecraft:crafting_table":2,"minecraft:iron_ingot":6,"minecraft:furnace":1,"minecraft:air":0,"minecraft:jungle_planks":28},"minecraft:used":{"minecraft:melon_slice":11,"minecraft:stone_pickaxe":142,"minecraft:iron_pickaxe":6,"minecraft:wooden_pickaxe":49,"minecraft:crafting_table":2,"minecraft:furnace":1},"minecraft:dropped":{"minecraft:iron_ingot":7,"phayriosis:sluggle_eggs":2,"phayriosis:sensitive_antenna":1,"minecraft:melon_slice":6,"phayriosis:vein_seeds":2,"tacz:modern_kinetic_gun":1,"tacz:ammo":72,"minecraft:jungle_planks":20},"minecraft:broken":{"minecraft:stone_pickaxe":1,"minecraft:wooden_pickaxe":1},"minecraft:killed":{"minecraft:zombie":1,"phayriosis:primitve_assimilated_human":3,"phayriosis:primitive_assimilated_spider":1,"phayriosis:primitive_assimilated_rabbit":1,"phayriosis:primitive_assimilated_sheep":1,"minecraft:creeper":1},"minecraft:custom":{"minecraft:time_since_rest":32626,"minecraft:interact_with_furnace":3,"minecraft:sprint_one_cm":12102,"minecraft:damage_taken":436,"minecraft:walk_one_cm":216664,"minecraft:mob_kills":8,"minecraft:drop":44,"minecraft:interact_with_crafting_table":8,"minecraft:fly_one_cm":11410,"minecraft:player_kills":2,"minecraft:crouch_one_cm":2007,"minecraft:play_time":77219,"minecraft:deaths":1,"minecraft:sneak_time":695,"minecraft:walk_under_water_one_cm":5674,"minecraft:jump":363,"minecraft:damage_dealt_resisted":48,"minecraft:walk_on_water_one_cm":6354,"minecraft:time_since_death":32587,"minecraft:total_world_time":77219,"minecraft:climb_one_cm":1506,"minecraft:fall_one_cm":2843}},"DataVersion":3465}