{"stats":{"minecraft:mined":{"minecraft:grass":7,"minecraft:melon":9,"minecraft:vine":3,"minecraft:jungle_log":7,"minecraft:fern":3},"minecraft:picked_up":{"minecraft:jungle_log":7,"god:scrollof_life":1,"minecraft:wheat_seeds":1,"minecraft:iron_ingot":1,"minecraft:melon_slice":41},"minecraft:crafted":{"minecraft:crafting_table":2,"minecraft:jungle_planks":28},"minecraft:used":{"minecraft:melon_slice":3},"minecraft:dropped":{"tacz:modern_kinetic_gun":1,"tacz:ammo":72,"minecraft:melon_slice":6},"minecraft:killed":{"phayriosis:primitve_assimilated_human":1},"minecraft:custom":{"minecraft:time_since_rest":17219,"minecraft:crouch_one_cm":57,"minecraft:walk_one_cm":47474,"minecraft:play_time":17219,"minecraft:sprint_one_cm":4456,"minecraft:damage_taken":100,"minecraft:sneak_time":5,"minecraft:mob_kills":1,"minecraft:drop":12,"minecraft:jump":53,"minecraft:time_since_death":17219,"minecraft:total_world_time":17219,"minecraft:fall_one_cm":418,"minecraft:fly_one_cm":5046}},"DataVersion":3465}