{"stats":{"minecraft:mined":{"minecraft:acacia_leaves":4,"minecraft:deepslate_diamond_ore":5,"minecraft:jungle_leaves":17,"phayriosis:bone_shoots":1,"phayriosis:boneshootss":2,"minecraft:crafting_table":1,"minecraft:grass_block":1,"minecraft:granite":7,"minecraft:acacia_log":13,"minecraft:melon":23,"minecraft:jungle_log":7,"minecraft:tall_grass":4,"phayriosis:assimilated_remains":5,"phayriosis:consumer":1,"phayriosis:boneshootsl":1,"minecraft:grass":25,"minecraft:coal_ore":5,"minecraft:deepslate_iron_ore":20,"minecraft:vine":5,"minecraft:sand":17,"minecraft:stone":156,"minecraft:oak_leaves":2,"phayriosis:convertedgore":1,"minecraft:deepslate":20,"minecraft:fern":8},"minecraft:killed_by":{"god:seraphine":1,"minecraft:player":5,"phayriosis:infector":1,"minecraft:drowned":2,"phayriosis:assimilated_enderman":2},"minecraft:picked_up":{"minecraft:crafting_table":1,"minecraft:jungle_boat":1,"minecraft:feather":11,"minecraft:chicken":3,"minecraft:jungle_log":7,"minecraft:leather":3,"minecraft:wooden_pickaxe":1,"minecraft:cooked_rabbit":1,"minecraft:gunpowder":10,"minecraft:dirt":64,"minecraft:string":31,"minecraft:raw_copper":35,"tacz:ammo":674,"minecraft:bone":9,"minecraft:acacia_planks":48,"phayriosis:assimilated_flesh":9,"minecraft:wheat_seeds":35,"minecraft:cobbled_deepslate":138,"phayriosis:overgrown_molar":2,"minecraft:rabbit_hide":10,"minecraft:iron_ingot":56,"minecraft:stone_pickaxe":7,"minecraft:ender_eye":2,"minecraft:iron_pickaxe":8,"minecraft:enchanted_golden_apple":21,"phayriosis:small_horn":5,"minecraft:melon_slice":626,"minecraft:acacia_sapling":7,"minecraft:oak_planks":21,"minecraft:egg":1,"minecraft:raw_iron":39,"minecraft:sandstone":20,"god:scrollof_life":1,"minecraft:torch":16,"minecraft:acacia_log":12,"phayriosis:sluggle_eggs":4,"phayriosis:sensitive_antenna":1,"phayriosis:vein_seeds":2,"minecraft:porkchop":7,"minecraft:sand":241,"minecraft:jungle_planks":21,"minecraft:redstone":24,"minecraft:spider_eye":13,"minecraft:rotten_flesh":6,"phayriosis:putrid_globy":1,"minecraft:diamond":18,"tacz:modern_kinetic_gun":9,"minecraft:granite":7,"minecraft:golden_apple":5,"minecraft:gray_wool":3,"phayriosis:scarlet_claws":2,"minecraft:bread":1,"minecraft:glow_berries":15,"minecraft:mutton":9,"minecraft:coal":49,"minecraft:white_wool":10,"minecraft:cobblestone":931,"minecraft:ender_pearl":2},"minecraft:crafted":{"minecraft:oak_planks":256,"minecraft:crafting_table":2,"minecraft:jungle_boat":1,"minecraft:furnace":1,"minecraft:air":0,"minecraft:jungle_planks":28,"minecraft:iron_ingot":6,"minecraft:acacia_planks":48},"minecraft:used":{"minecraft:stone_pickaxe":154,"minecraft:wooden_pickaxe":49,"minecraft:glow_berries":1,"minecraft:golden_apple":1,"minecraft:dirt":7,"minecraft:mutton":2,"minecraft:crafting_table":2,"minecraft:oak_log":27,"minecraft:villager_spawn_egg":1,"minecraft:melon_slice":11,"minecraft:iron_pickaxe":22,"minecraft:furnace":1,"minecraft:enchanted_golden_apple":7},"minecraft:dropped":{"minecraft:iron_ingot":34,"minecraft:bread":1,"phayriosis:sluggle_eggs":3,"minecraft:wheat_seeds":2,"phayriosis:sensitive_antenna":1,"minecraft:raw_copper":30,"minecraft:diamond":7,"minecraft:rotten_flesh":1,"minecraft:cobblestone":64,"minecraft:glow_berries":2,"minecraft:enchanted_golden_apple":28,"minecraft:jungle_planks":20,"phayriosis:assimilated_flesh":1,"minecraft:golden_apple":3,"minecraft:melon_slice":39,"phayriosis:dravarium_medicine":1,"phayriosis:overgrown_molar":1,"phayriosis:vein_seeds":2,"phayriosis:putrid_globy":1,"tacz:modern_kinetic_gun":6,"tacz:ammo":492,"minecraft:stone_pickaxe":2,"tacz:attachment":1},"minecraft:broken":{"minecraft:stone_pickaxe":1,"minecraft:wooden_pickaxe":1},"minecraft:custom":{"minecraft:interact_with_furnace":3,"minecraft:mob_kills":66,"minecraft:interact_with_crafting_table":9,"minecraft:damage_dealt_resisted":146,"minecraft:leave_game":1,"minecraft:time_since_death":4037,"minecraft:damage_resisted":1063,"minecraft:climb_one_cm":3466,"minecraft:time_since_rest":4074,"minecraft:sprint_one_cm":71181,"minecraft:damage_taken":7062,"minecraft:damage_absorbed":360,"minecraft:walk_one_cm":547522,"minecraft:drop":173,"minecraft:damage_dealt":34,"minecraft:talked_to_villager":1,"minecraft:swim_one_cm":685,"minecraft:fly_one_cm":89336,"minecraft:player_kills":5,"minecraft:open_chest":1,"minecraft:crouch_one_cm":3201,"minecraft:play_time":166857,"minecraft:deaths":12,"minecraft:sneak_time":1147,"minecraft:walk_under_water_one_cm":11549,"minecraft:jump":959,"minecraft:walk_on_water_one_cm":23147,"minecraft:total_world_time":166857,"minecraft:fall_one_cm":11122},"minecraft:killed":{"phayriosis:converted_slime":1,"minecraft:cave_spider":1,"minecraft:pig":1,"phayriosis:primitive_assimilated_cow":1,"phayriosis:infector":9,"minecraft:spider":3,"phayriosis:primitive_assimilated_spider":3,"phayriosis:primitive_assimilated_rabbit":1,"phayriosis:primitive_assimilated_sheep":1,"phayriosis:primitive_mindless_creeper":1,"minecraft:creeper":1,"phayriosis:primitive_assimilated_wolf":1,"minecraft:sheep":9,"minecraft:skeleton":8,"minecraft:zombie":9,"phayriosis:primitve_assimilated_human":5,"minecraft:chicken":4,"phayriosis:converted_squid":1,"phayriosis:primitive_mindless_skeleton":2,"minecraft:villager":3,"phayriosis:assimilated_enderman":1}},"DataVersion":3465}