{"stats":{"minecraft:used":{"minecraft:moss_block":11,"minecraft:wooden_pickaxe":36,"minecraft:dirt":97,"minecraft:oak_slab":15,"minecraft:crafting_table":2,"minecraft:oak_sapling":1,"minecraft:oak_boat":1},"minecraft:custom":{"minecraft:time_since_rest":4968,"minecraft:damage_taken":480,"minecraft:walk_one_cm":24384,"minecraft:drop":62,"minecraft:damage_dealt":27,"minecraft:traded_with_villager":1,"minecraft:talked_to_villager":4,"minecraft:interact_with_crafting_table":5,"minecraft:crouch_one_cm":15516,"minecraft:play_time":28613,"minecraft:deaths":2,"minecraft:sneak_time":5720,"minecraft:boat_one_cm":494,"minecraft:jump":9,"minecraft:leave_game":3,"minecraft:time_since_death":4944,"minecraft:total_world_time":28613},"minecraft:mined":{"minecraft:mud":14,"minecraft:grass_block":52,"minecraft:oak_log":24,"minecraft:dirt":2,"minecraft:spruce_leaves":14,"minecraft:stone":9,"minecraft:moss_block":20,"minecraft:oak_leaves":6},"minecraft:picked_up":{"minecraft:crafting_table":1,"minecraft:mud":19,"minecraft:stick":5,"minecraft:raw_iron":2,"minecraft:wooden_pickaxe":1,"minecraft:oak_log":53,"minecraft:dirt":133,"minecraft:oak_sapling":2,"minecraft:moss_block":90,"minecraft:cobblestone":10},"minecraft:crafted":{"minecraft:oak_boat":1,"minecraft:oak_slab":84,"minecraft:oak_planks":72,"minecraft:crafting_table":1,"minecraft:oak_sapling":3,"minecraft:wooden_pickaxe":1,"minecraft:air":0},"minecraft:dropped":{"minecraft:moss_block":54,"minecraft:oak_log":8}},"DataVersion":3465}