{"stats":{"minecraft:used":{"travelersbackpack:standard":7,"minecraft:oak_sapling":1,"minecraft:podzol":1},"minecraft:custom":{"minecraft:time_since_rest":22986,"minecraft:sprint_one_cm":3838,"minecraft:walk_one_cm":126614,"minecraft:crouch_one_cm":1456,"minecraft:play_time":22986,"minecraft:damage_taken":10,"minecraft:sneak_time":415,"minecraft:drop":13,"minecraft:jump":55,"minecraft:leave_game":1,"minecraft:time_since_death":22986,"minecraft:total_world_time":22986,"minecraft:climb_one_cm":2282,"minecraft:fall_one_cm":627,"minecraft:fly_one_cm":36},"minecraft:picked_up":{"tacz:ammo":36,"minecraft:rotten_flesh":1,"god:scrollof_life":1,"minecraft:torch":1,"tacz:modern_kinetic_gun":1,"minecraft:oak_log":3,"schizophrenia:pills":1,"minecraft:oak_sapling":2},"minecraft:dropped":{"tacz:modern_kinetic_gun":3,"tacz:ammo":250,"travelersbackpack:standard":2,"minecraft:oak_sapling":1},"minecraft:crafted":{"minecraft:oak_planks":12},"minecraft:mined":{"minecraft:oak_log":4,"minecraft:oak_leaves":3,"minecraft:wall_torch":1}},"DataVersion":3465}