{"stats":{"minecraft:used":{"minecraft:dirt":43,"minecraft:crafting_table":1},"minecraft:custom":{"minecraft:time_since_rest":5116,"minecraft:crouch_one_cm":6453,"minecraft:deaths":1,"minecraft:leave_game":2,"minecraft:play_time":7693,"minecraft:damage_taken":240,"minecraft:time_since_death":5077,"minecraft:walk_one_cm":1433,"minecraft:sneak_time":1644,"minecraft:total_world_time":7693,"minecraft:interact_with_crafting_table":1},"minecraft:mined":{"minecraft:grass_block":11},"minecraft:picked_up":{"minecraft:oak_log":20,"minecraft:moss_block":28,"minecraft:dirt":60},"minecraft:crafted":{"minecraft:crafting_table":1,"minecraft:oak_planks":52}},"DataVersion":3465}