{"stats":{"minecraft:killed_by":{"man:managgresive":1},"minecraft:custom":{"minecraft:time_since_rest":10512,"minecraft:sprint_one_cm":7682,"minecraft:damage_taken":500,"minecraft:walk_one_cm":301705,"minecraft:mob_kills":3,"minecraft:drop":5,"minecraft:fly_one_cm":41392,"minecraft:open_chest":3,"minecraft:crouch_one_cm":424,"minecraft:play_time":72040,"minecraft:deaths":1,"minecraft:sneak_time":169,"minecraft:jump":231,"minecraft:leave_game":8,"minecraft:walk_on_water_one_cm":1806,"minecraft:time_since_death":29316,"minecraft:sleep_in_bed":3,"minecraft:total_world_time":72040,"minecraft:fall_one_cm":604},"minecraft:mined":{"minecraft:hay_block":3,"minecraft:birch_leaves":5,"minecraft:dandelion":1,"gravestone:gravestone":1,"minecraft:grass":9,"minecraft:grass_block":2,"minecraft:dirt":10,"man:cassette_recorder_block":1,"minecraft:tall_grass":1,"minecraft:oak_leaves":2,"minecraft:wall_torch":2},"minecraft:killed":{"minecraft:skeleton":1,"cryptid_vx:cryptid":1,"minecraft:creeper":1},"minecraft:crafted":{"minecraft:wheat":27},"minecraft:dropped":{"minecraft:wheat_seeds":1,"tconstruct:materials_and_you":1,"minecraft:rotten_flesh":1,"man:cassette_1safetyinstructions":1,"travelersbackpack:standard":1},"minecraft:used":{"minecraft:ender_eye":1,"minecraft:lantern":1,"man:cassette_recorder_block":2,"minecraft:torch":5,"minecraft:cobblestone":3,"minecraft:dandelion":1},"minecraft:picked_up":{"god:scrollof_life":1,"man:cassette_recorder_block":1,"minecraft:torch":2,"minecraft:dandelion":1,"minecraft:dirt":12,"man:cassette_1safetyinstructions":1,"minecraft:rotten_flesh":1,"minecraft:wheat_seeds":1,"minecraft:hay_block":3,"minecraft:poppy":1,"schizophrenia:pills":1,"minecraft:cobblestone":3}},"DataVersion":3465}