{"stats":{"minecraft:mined":{"minecraft:jungle_leaves":15,"minecraft:granite":7,"minecraft:grass":13,"minecraft:coal_ore":5,"minecraft:melon":23,"minecraft:vine":5,"minecraft:jungle_log":7,"minecraft:sand":16,"minecraft:tall_grass":1,"minecraft:stone":145,"phayriosis:consumer":1,"minecraft:fern":8},"minecraft:killed_by":{"minecraft:player":1},"minecraft:picked_up":{"minecraft:crafting_table":1,"minecraft:jungle_log":7,"god:scrollof_life":1,"minecraft:torch":9,"minecraft:wooden_pickaxe":1,"phayriosis:vein_seeds":2,"phayriosis:sluggle_eggs":2,"phayriosis:sensitive_antenna":1,"minecraft:sand":50,"minecraft:gunpowder":4,"minecraft:raw_copper":5,"tacz:ammo":56,"minecraft:rotten_flesh":1,"tacz:modern_kinetic_gun":1,"minecraft:wheat_seeds":8,"minecraft:granite":7,"minecraft:iron_ingot":2,"minecraft:stone_pickaxe":2,"minecraft:melon_slice":213,"minecraft:coal":4,"minecraft:cobblestone":140},"minecraft:crafted":{"minecraft:crafting_table":2,"minecraft:jungle_planks":28},"minecraft:used":{"minecraft:melon_slice":9,"minecraft:stone_pickaxe":121,"minecraft:wooden_pickaxe":36,"minecraft:crafting_table":1},"minecraft:dropped":{"phayriosis:sluggle_eggs":2,"phayriosis:sensitive_antenna":1,"minecraft:melon_slice":6,"phayriosis:vein_seeds":2,"tacz:modern_kinetic_gun":1,"tacz:ammo":72,"minecraft:jungle_planks":20},"minecraft:broken":{"minecraft:stone_pickaxe":1},"minecraft:killed":{"minecraft:zombie":1,"phayriosis:primitve_assimilated_human":3,"phayriosis:primitive_assimilated_spider":1,"phayriosis:primitive_assimilated_rabbit":1,"phayriosis:primitive_assimilated_sheep":1,"minecraft:creeper":1},"minecraft:custom":{"minecraft:time_since_rest":20626,"minecraft:sprint_one_cm":12102,"minecraft:damage_taken":396,"minecraft:walk_one_cm":167026,"minecraft:mob_kills":8,"minecraft:drop":37,"minecraft:interact_with_crafting_table":6,"minecraft:fly_one_cm":11205,"minecraft:player_kills":2,"minecraft:crouch_one_cm":1178,"minecraft:play_time":65219,"minecraft:deaths":1,"minecraft:sneak_time":368,"minecraft:walk_under_water_one_cm":4163,"minecraft:jump":320,"minecraft:damage_dealt_resisted":48,"minecraft:walk_on_water_one_cm":5297,"minecraft:time_since_death":20587,"minecraft:total_world_time":65219,"minecraft:climb_one_cm":1506,"minecraft:fall_one_cm":2632}},"DataVersion":3465}