{"stats":{"minecraft:mined":{"minecraft:jungle_leaves":15,"minecraft:grass":13,"minecraft:melon":23,"minecraft:vine":5,"minecraft:jungle_log":7,"minecraft:sand":7,"minecraft:tall_grass":1,"minecraft:fern":8},"minecraft:picked_up":{"minecraft:jungle_log":7,"god:scrollof_life":1,"phayriosis:sluggle_eggs":1,"phayriosis:sensitive_antenna":1,"minecraft:sand":21,"minecraft:gunpowder":2,"minecraft:wheat_seeds":4,"minecraft:iron_ingot":1,"minecraft:melon_slice":114},"minecraft:crafted":{"minecraft:crafting_table":2,"minecraft:jungle_planks":28},"minecraft:used":{"minecraft:melon_slice":5,"minecraft:crafting_table":1},"minecraft:dropped":{"phayriosis:sluggle_eggs":1,"phayriosis:sensitive_antenna":1,"minecraft:melon_slice":6,"tacz:modern_kinetic_gun":1,"tacz:ammo":72,"minecraft:jungle_planks":20},"minecraft:killed":{"minecraft:zombie":1,"phayriosis:primitve_assimilated_human":3,"phayriosis:primitive_assimilated_spider":1,"phayriosis:primitive_assimilated_sheep":1,"minecraft:creeper":1},"minecraft:custom":{"minecraft:time_since_rest":41219,"minecraft:sprint_one_cm":7366,"minecraft:damage_taken":110,"minecraft:walk_one_cm":108183,"minecraft:mob_kills":7,"minecraft:drop":34,"minecraft:interact_with_crafting_table":3,"minecraft:fly_one_cm":7498,"minecraft:player_kills":1,"minecraft:crouch_one_cm":132,"minecraft:play_time":41219,"minecraft:sneak_time":173,"minecraft:jump":191,"minecraft:damage_dealt_resisted":48,"minecraft:time_since_death":41219,"minecraft:total_world_time":41219,"minecraft:climb_one_cm":1506,"minecraft:fall_one_cm":1352}},"DataVersion":3465}