{"stats":{"minecraft:crafted":{"minecraft:wheat":27},"minecraft:custom":{"minecraft:time_since_rest":7227,"minecraft:sprint_one_cm":7682,"minecraft:walk_one_cm":291064,"minecraft:damage_taken":500,"minecraft:mob_kills":3,"minecraft:drop":5,"minecraft:fly_one_cm":41392,"minecraft:open_chest":3,"minecraft:crouch_one_cm":424,"minecraft:play_time":68755,"minecraft:deaths":1,"minecraft:sneak_time":169,"minecraft:jump":225,"minecraft:leave_game":7,"minecraft:walk_on_water_one_cm":1806,"minecraft:time_since_death":26031,"minecraft:sleep_in_bed":3,"minecraft:total_world_time":68755,"minecraft:fall_one_cm":604},"minecraft:killed_by":{"man:managgresive":1},"minecraft:killed":{"minecraft:skeleton":1,"cryptid_vx:cryptid":1,"minecraft:creeper":1},"minecraft:dropped":{"minecraft:wheat_seeds":1,"tconstruct:materials_and_you":1,"minecraft:rotten_flesh":1,"man:cassette_1safetyinstructions":1,"travelersbackpack:standard":1},"minecraft:picked_up":{"god:scrollof_life":1,"man:cassette_recorder_block":1,"minecraft:torch":1,"minecraft:dandelion":1,"minecraft:dirt":12,"man:cassette_1safetyinstructions":1,"minecraft:rotten_flesh":1,"minecraft:wheat_seeds":1,"minecraft:hay_block":3,"minecraft:poppy":1,"minecraft:cobblestone":3},"minecraft:used":{"minecraft:ender_eye":1,"minecraft:lantern":1,"man:cassette_recorder_block":2,"minecraft:torch":4,"minecraft:cobblestone":3,"minecraft:dandelion":1},"minecraft:mined":{"minecraft:hay_block":3,"minecraft:birch_leaves":5,"minecraft:dandelion":1,"gravestone:gravestone":1,"minecraft:grass":9,"minecraft:grass_block":2,"minecraft:dirt":10,"man:cassette_recorder_block":1,"minecraft:tall_grass":1,"minecraft:oak_leaves":2,"minecraft:wall_torch":1}},"DataVersion":3465}