{"stats":{"minecraft:used":{"minecraft:mud":4,"minecraft:moss_block":11,"minecraft:wooden_pickaxe":53,"minecraft:torch":4,"minecraft:dirt":104,"minecraft:oak_slab":206,"minecraft:crafting_table":3,"minecraft:furnace":1,"minecraft:oak_sapling":5,"minecraft:oak_boat":2,"minecraft:bone_meal":6},"minecraft:custom":{"minecraft:time_since_rest":34968,"minecraft:interact_with_furnace":5,"minecraft:sprint_one_cm":138,"minecraft:damage_taken":480,"minecraft:walk_one_cm":76239,"minecraft:drop":62,"minecraft:damage_dealt":47,"minecraft:traded_with_villager":3,"minecraft:talked_to_villager":7,"minecraft:interact_with_crafting_table":14,"minecraft:fly_one_cm":26,"minecraft:crouch_one_cm":43991,"minecraft:play_time":58613,"minecraft:deaths":2,"minecraft:sneak_time":13630,"minecraft:boat_one_cm":1931,"minecraft:jump":35,"minecraft:leave_game":3,"minecraft:time_since_death":34944,"minecraft:total_world_time":58613,"minecraft:fall_one_cm":538},"minecraft:mined":{"minecraft:oak_slab":3,"minecraft:oak_sapling":2,"minecraft:mud":18,"minecraft:grass_block":61,"minecraft:oak_log":36,"minecraft:dirt":21,"minecraft:spruce_leaves":16,"minecraft:stone":10,"minecraft:moss_block":30,"minecraft:oak_leaves":32},"minecraft:picked_up":{"minecraft:oak_slab":3,"minecraft:crafting_table":1,"minecraft:mud":48,"minecraft:stick":5,"minecraft:raw_iron":2,"minecraft:wooden_pickaxe":1,"minecraft:oak_log":136,"minecraft:dirt":212,"minecraft:oak_sapling":6,"minecraft:moss_block":100,"minecraft:coal":2,"minecraft:oak_planks":10,"minecraft:cobblestone":68},"minecraft:crafted":{"minecraft:oak_boat":2,"minecraft:oak_slab":480,"minecraft:oak_planks":376,"minecraft:charcoal":7,"minecraft:crafting_table":2,"minecraft:oak_sapling":3,"minecraft:stick":12,"minecraft:wooden_pickaxe":1,"minecraft:furnace":1,"minecraft:bone_meal":6,"minecraft:torch":4,"minecraft:air":0},"minecraft:dropped":{"minecraft:moss_block":54,"minecraft:oak_log":8}},"DataVersion":3465}