{"stats":{"minecraft:crafted":{"minecraft:wheat":27},"minecraft:custom":{"minecraft:time_since_rest":520,"minecraft:open_chest":2,"minecraft:deaths":1,"minecraft:sprint_one_cm":2904,"minecraft:play_time":43173,"minecraft:damage_taken":310,"minecraft:walk_one_cm":180164,"minecraft:sneak_time":58,"minecraft:mob_kills":3,"minecraft:drop":3,"minecraft:jump":144,"minecraft:leave_game":4,"minecraft:walk_on_water_one_cm":1806,"minecraft:time_since_death":449,"minecraft:total_world_time":43173,"minecraft:fall_one_cm":335,"minecraft:fly_one_cm":38029},"minecraft:dropped":{"minecraft:rotten_flesh":1,"man:cassette_1safetyinstructions":1,"tconstruct:materials_and_you":1},"minecraft:used":{"minecraft:ender_eye":1,"minecraft:torch":4,"minecraft:dandelion":1},"minecraft:killed_by":{"man:managgresive":1},"minecraft:mined":{"gravestone:gravestone":1,"minecraft:hay_block":3,"minecraft:birch_leaves":5,"minecraft:dandelion":1,"minecraft:oak_leaves":2},"minecraft:killed":{"minecraft:skeleton":1,"cryptid_vx:cryptid":1,"minecraft:creeper":1},"minecraft:picked_up":{"minecraft:rotten_flesh":1,"god:scrollof_life":1,"minecraft:dandelion":1,"minecraft:hay_block":3,"minecraft:cobblestone":3}},"DataVersion":3465}