{"stats":{"minecraft:mined":{"minecraft:grass":8,"minecraft:melon":12,"minecraft:vine":5,"minecraft:jungle_log":7,"minecraft:jungle_leaves":15,"minecraft:fern":3},"minecraft:picked_up":{"minecraft:jungle_log":7,"god:scrollof_life":1,"minecraft:wheat_seeds":1,"phayriosis:sensitive_antenna":1,"phayriosis:sluggle_eggs":1,"minecraft:iron_ingot":1,"minecraft:melon_slice":55},"minecraft:crafted":{"minecraft:crafting_table":2,"minecraft:jungle_planks":28},"minecraft:used":{"minecraft:melon_slice":5},"minecraft:dropped":{"tacz:modern_kinetic_gun":1,"tacz:ammo":72,"minecraft:melon_slice":6},"minecraft:killed":{"phayriosis:primitive_assimilated_spider":1,"minecraft:zombie":1,"phayriosis:primitive_assimilated_sheep":1,"phayriosis:primitve_assimilated_human":3},"minecraft:custom":{"minecraft:time_since_rest":29219,"minecraft:crouch_one_cm":132,"minecraft:walk_one_cm":66240,"minecraft:play_time":29219,"minecraft:sprint_one_cm":4456,"minecraft:damage_taken":100,"minecraft:sneak_time":165,"minecraft:mob_kills":6,"minecraft:drop":12,"minecraft:damage_dealt_resisted":48,"minecraft:jump":77,"minecraft:time_since_death":29219,"minecraft:climb_one_cm":1292,"minecraft:total_world_time":29219,"minecraft:fall_one_cm":418,"minecraft:fly_one_cm":5046}},"DataVersion":3465}