{"stats":{"minecraft:mined":{"minecraft:acacia_leaves":4,"minecraft:deepslate_diamond_ore":5,"minecraft:jungle_leaves":17,"phayriosis:bone_shoots":1,"phayriosis:boneshootss":2,"minecraft:crafting_table":1,"minecraft:granite":7,"minecraft:acacia_log":13,"minecraft:melon":23,"minecraft:jungle_log":7,"minecraft:tall_grass":3,"phayriosis:assimilated_remains":5,"phayriosis:consumer":1,"phayriosis:boneshootsl":1,"minecraft:grass":21,"minecraft:coal_ore":5,"minecraft:deepslate_iron_ore":20,"minecraft:vine":5,"minecraft:sand":17,"minecraft:stone":156,"minecraft:oak_leaves":2,"phayriosis:convertedgore":1,"minecraft:deepslate":20,"minecraft:fern":8},"minecraft:killed_by":{"minecraft:player":4,"phayriosis:infector":1,"minecraft:drowned":2,"phayriosis:assimilated_enderman":2},"minecraft:picked_up":{"minecraft:crafting_table":1,"minecraft:jungle_boat":1,"minecraft:feather":2,"minecraft:jungle_log":7,"minecraft:wooden_pickaxe":1,"minecraft:cooked_rabbit":1,"minecraft:gunpowder":10,"minecraft:dirt":1,"minecraft:string":31,"minecraft:raw_copper":35,"tacz:ammo":466,"minecraft:bone":9,"minecraft:acacia_planks":48,"phayriosis:assimilated_flesh":8,"minecraft:wheat_seeds":32,"minecraft:cobbled_deepslate":138,"phayriosis:overgrown_molar":2,"minecraft:rabbit_hide":10,"minecraft:iron_ingot":56,"minecraft:stone_pickaxe":7,"minecraft:ender_eye":1,"minecraft:iron_pickaxe":8,"minecraft:enchanted_golden_apple":21,"phayriosis:small_horn":5,"minecraft:melon_slice":626,"minecraft:acacia_sapling":7,"minecraft:oak_planks":21,"minecraft:raw_iron":39,"minecraft:sandstone":20,"god:scrollof_life":1,"minecraft:torch":16,"minecraft:acacia_log":12,"phayriosis:sluggle_eggs":4,"phayriosis:sensitive_antenna":1,"phayriosis:vein_seeds":2,"minecraft:sand":241,"minecraft:jungle_planks":21,"minecraft:redstone":24,"minecraft:spider_eye":13,"minecraft:rotten_flesh":6,"phayriosis:putrid_globy":1,"minecraft:diamond":17,"tacz:modern_kinetic_gun":6,"minecraft:granite":7,"minecraft:golden_apple":5,"minecraft:gray_wool":3,"phayriosis:scarlet_claws":2,"minecraft:bread":1,"minecraft:glow_berries":15,"minecraft:mutton":6,"minecraft:coal":49,"minecraft:white_wool":9,"minecraft:cobblestone":931,"minecraft:ender_pearl":2},"minecraft:crafted":{"minecraft:crafting_table":2,"minecraft:jungle_boat":1,"minecraft:furnace":1,"minecraft:air":0,"minecraft:jungle_planks":28,"minecraft:iron_ingot":6,"minecraft:acacia_planks":48},"minecraft:used":{"minecraft:stone_pickaxe":154,"minecraft:wooden_pickaxe":49,"minecraft:glow_berries":1,"minecraft:golden_apple":1,"minecraft:mutton":2,"minecraft:crafting_table":2,"minecraft:melon_slice":11,"minecraft:iron_pickaxe":22,"minecraft:furnace":1,"minecraft:enchanted_golden_apple":1},"minecraft:dropped":{"minecraft:iron_ingot":34,"minecraft:bread":1,"phayriosis:sluggle_eggs":3,"minecraft:wheat_seeds":1,"phayriosis:sensitive_antenna":1,"minecraft:raw_copper":30,"minecraft:diamond":7,"minecraft:rotten_flesh":1,"minecraft:cobblestone":64,"minecraft:glow_berries":2,"minecraft:enchanted_golden_apple":28,"minecraft:jungle_planks":20,"minecraft:golden_apple":3,"minecraft:melon_slice":39,"phayriosis:dravarium_medicine":1,"phayriosis:overgrown_molar":1,"phayriosis:vein_seeds":2,"phayriosis:putrid_globy":1,"tacz:modern_kinetic_gun":2,"tacz:ammo":208,"minecraft:stone_pickaxe":2},"minecraft:broken":{"minecraft:stone_pickaxe":1,"minecraft:wooden_pickaxe":1},"minecraft:killed":{"minecraft:cave_spider":1,"phayriosis:infector":7,"minecraft:spider":2,"phayriosis:primitive_assimilated_spider":3,"phayriosis:primitive_assimilated_rabbit":1,"phayriosis:primitive_assimilated_sheep":1,"phayriosis:primitive_mindless_creeper":1,"minecraft:creeper":1,"minecraft:sheep":3,"minecraft:skeleton":3,"minecraft:zombie":6,"phayriosis:primitve_assimilated_human":5,"phayriosis:primitive_mindless_skeleton":1,"phayriosis:assimilated_enderman":1},"minecraft:custom":{"minecraft:interact_with_furnace":3,"minecraft:mob_kills":36,"minecraft:interact_with_crafting_table":9,"minecraft:damage_dealt_resisted":48,"minecraft:time_since_death":8348,"minecraft:damage_resisted":63,"minecraft:climb_one_cm":3337,"minecraft:time_since_rest":8437,"minecraft:sprint_one_cm":48145,"minecraft:damage_taken":2629,"minecraft:damage_absorbed":200,"minecraft:walk_one_cm":421654,"minecraft:drop":115,"minecraft:damage_dealt":18,"minecraft:swim_one_cm":685,"minecraft:fly_one_cm":57087,"minecraft:player_kills":4,"minecraft:crouch_one_cm":2850,"minecraft:play_time":124848,"minecraft:deaths":9,"minecraft:sneak_time":870,"minecraft:walk_under_water_one_cm":11549,"minecraft:jump":719,"minecraft:walk_on_water_one_cm":15182,"minecraft:total_world_time":124848,"minecraft:fall_one_cm":7231}},"DataVersion":3465}