{"stats":{"minecraft:used":{"minecraft:moss_block":11,"minecraft:wooden_pickaxe":53,"minecraft:torch":3,"minecraft:dirt":104,"minecraft:oak_slab":145,"minecraft:crafting_table":3,"minecraft:furnace":1,"minecraft:oak_sapling":3,"minecraft:oak_boat":1,"minecraft:bone_meal":6},"minecraft:custom":{"minecraft:time_since_rest":22968,"minecraft:interact_with_furnace":4,"minecraft:sprint_one_cm":138,"minecraft:damage_taken":480,"minecraft:walk_one_cm":51959,"minecraft:drop":62,"minecraft:damage_dealt":37,"minecraft:traded_with_villager":3,"minecraft:talked_to_villager":5,"minecraft:interact_with_crafting_table":10,"minecraft:fly_one_cm":26,"minecraft:crouch_one_cm":35092,"minecraft:play_time":46613,"minecraft:deaths":2,"minecraft:sneak_time":11505,"minecraft:boat_one_cm":494,"minecraft:jump":28,"minecraft:leave_game":3,"minecraft:time_since_death":22944,"minecraft:total_world_time":46613,"minecraft:fall_one_cm":269},"minecraft:mined":{"minecraft:oak_slab":1,"minecraft:mud":18,"minecraft:grass_block":61,"minecraft:oak_log":36,"minecraft:dirt":21,"minecraft:spruce_leaves":16,"minecraft:stone":10,"minecraft:moss_block":30,"minecraft:oak_leaves":32},"minecraft:picked_up":{"minecraft:oak_slab":1,"minecraft:crafting_table":1,"minecraft:mud":22,"minecraft:stick":5,"minecraft:raw_iron":2,"minecraft:wooden_pickaxe":1,"minecraft:oak_log":83,"minecraft:dirt":159,"minecraft:oak_sapling":4,"minecraft:moss_block":100,"minecraft:oak_planks":10,"minecraft:cobblestone":65},"minecraft:crafted":{"minecraft:oak_boat":1,"minecraft:oak_slab":252,"minecraft:oak_planks":164,"minecraft:charcoal":2,"minecraft:crafting_table":2,"minecraft:oak_sapling":3,"minecraft:stick":12,"minecraft:wooden_pickaxe":1,"minecraft:furnace":1,"minecraft:bone_meal":6,"minecraft:torch":4,"minecraft:air":0},"minecraft:dropped":{"minecraft:moss_block":54,"minecraft:oak_log":8}},"DataVersion":3465}