{"stats":{"minecraft:dropped":{"minecraft:bread":192,"minecraft:wheat_seeds":1,"minecraft:gunpowder":2,"schizophrenia:pills":8,"minecraft:oak_sapling":1,"tacz:modern_kinetic_gun":3,"gravestone:obituary":3,"tacz:ammo":322,"travelersbackpack:standard":2},"minecraft:killed_by":{"minecraft:player":1,"siren_head:siren_head_crawl_had_to_make_seprate_entity_for_this_ver":4},"minecraft:killed":{"minecraft:trader_llama":1,"minecraft:zombie":1,"schizophrenia:the_man":1,"minecraft:wandering_trader":1,"minecraft:villager":6,"minecraft:creeper":1,"minecraft:cow":1},"minecraft:picked_up":{"minecraft:stick":1,"god:scrollof_life":1,"minecraft:leather":2,"minecraft:torch":4,"minecraft:oak_log":3,"minecraft:spruce_sapling":2,"minecraft:spruce_log":10,"minecraft:gunpowder":2,"minecraft:dirt":22,"tacz:ammo":36,"minecraft:rotten_flesh":1,"minecraft:wheat_seeds":1,"tacz:modern_kinetic_gun":1,"minecraft:beef":2,"minecraft:bread":64,"schizophrenia:pills":2,"minecraft:oak_sapling":2},"minecraft:mined":{"minecraft:large_fern":1,"minecraft:light_blue_stained_glass_pane":1,"minecraft:glass_pane":2,"minecraft:spruce_log":11,"minecraft:birch_leaves":1,"minecraft:blue_stained_glass":4,"minecraft:torch":2,"gravestone:gravestone":5,"minecraft:grass":3,"minecraft:grass_block":1,"minecraft:oak_log":4,"minecraft:dirt":22,"minecraft:glass":2,"minecraft:spruce_leaves":7,"minecraft:oak_leaves":6,"minecraft:wall_torch":1},"minecraft:custom":{"minecraft:time_since_rest":5446,"minecraft:sprint_one_cm":57795,"minecraft:damage_taken":7432,"minecraft:walk_one_cm":696464,"minecraft:mob_kills":12,"minecraft:drop":32,"minecraft:damage_dealt":2,"minecraft:fly_one_cm":73852,"minecraft:play_time":92494,"minecraft:crouch_one_cm":1835,"minecraft:deaths":8,"minecraft:bell_ring":6,"minecraft:sneak_time":957,"minecraft:walk_under_water_one_cm":1916,"minecraft:jump":456,"minecraft:leave_game":4,"minecraft:time_since_death":4684,"minecraft:walk_on_water_one_cm":8966,"minecraft:sleep_in_bed":3,"minecraft:total_world_time":92494,"minecraft:climb_one_cm":4140,"minecraft:fall_one_cm":7866},"minecraft:used":{"minecraft:villager_spawn_egg":16,"minecraft:bread":2,"minecraft:spruce_sapling":2,"minecraft:torch":3,"minecraft:dirt":19,"travelersbackpack:standard":12,"minecraft:oak_sapling":1,"minecraft:cooked_porkchop":1,"minecraft:podzol":1},"minecraft:crafted":{"minecraft:oak_planks":12,"minecraft:spruce_planks":40}},"DataVersion":3465}