{"stats":{"minecraft:custom":{"minecraft:jump":113,"minecraft:time_since_rest":31173,"minecraft:damage_taken":10,"minecraft:leave_game":4,"minecraft:play_time":31173,"minecraft:sprint_one_cm":2904,"minecraft:time_since_death":31173,"minecraft:walk_on_water_one_cm":1806,"minecraft:walk_one_cm":126714,"minecraft:sneak_time":21,"minecraft:total_world_time":31173,"minecraft:mob_kills":3,"minecraft:fall_one_cm":335,"minecraft:fly_one_cm":37947},"minecraft:used":{"minecraft:torch":4},"minecraft:mined":{"minecraft:birch_leaves":5,"minecraft:oak_leaves":2},"minecraft:killed":{"minecraft:skeleton":1,"cryptid_vx:cryptid":1,"minecraft:creeper":1},"minecraft:picked_up":{"god:scrollof_life":1}},"DataVersion":3465}