{"stats":{"minecraft:mined":{"minecraft:birch_leaves":5,"minecraft:oak_leaves":2},"minecraft:custom":{"minecraft:jump":50,"minecraft:time_since_rest":15161,"minecraft:walk_on_water_one_cm":852,"minecraft:sprint_one_cm":2818,"minecraft:leave_game":1,"minecraft:play_time":15161,"minecraft:damage_taken":10,"minecraft:time_since_death":15161,"minecraft:walk_one_cm":76725,"minecraft:total_world_time":15161,"minecraft:mob_kills":1,"minecraft:fall_one_cm":335,"minecraft:fly_one_cm":3089},"minecraft:picked_up":{"god:scrollof_life":1},"minecraft:killed":{"cryptid_vx:cryptid":1},"minecraft:used":{"minecraft:torch":4}},"DataVersion":3465}