{"stats":{"minecraft:dropped":{"minecraft:moss_block":54,"minecraft:oak_log":8},"minecraft:mined":{"minecraft:oak_slab":5,"minecraft:oak_sapling":4,"minecraft:mud":18,"minecraft:grass_block":61,"minecraft:oak_log":41,"minecraft:dirt":21,"minecraft:spruce_leaves":16,"minecraft:stone":10,"minecraft:moss_block":30,"minecraft:oak_leaves":33},"minecraft:custom":{"minecraft:time_since_rest":40365,"minecraft:interact_with_furnace":5,"minecraft:sprint_one_cm":138,"minecraft:damage_taken":480,"minecraft:walk_one_cm":91328,"minecraft:drop":62,"minecraft:damage_dealt":47,"minecraft:traded_with_villager":3,"minecraft:interact_with_crafting_table":18,"minecraft:talked_to_villager":7,"minecraft:fly_one_cm":26,"minecraft:open_chest":1,"minecraft:crouch_one_cm":50929,"minecraft:play_time":64010,"minecraft:deaths":2,"minecraft:sneak_time":15397,"minecraft:boat_one_cm":1931,"minecraft:jump":35,"minecraft:leave_game":3,"minecraft:time_since_death":40341,"minecraft:total_world_time":64010,"minecraft:fall_one_cm":538},"minecraft:crafted":{"minecraft:oak_boat":2,"minecraft:oak_slab":480,"minecraft:oak_planks":412,"minecraft:charcoal":7,"minecraft:crafting_table":2,"minecraft:oak_sapling":3,"minecraft:stick":40,"minecraft:wooden_pickaxe":1,"minecraft:furnace":1,"minecraft:bone_meal":6,"minecraft:torch":4,"minecraft:oak_fence":36,"minecraft:air":0},"minecraft:used":{"minecraft:moss_block":11,"minecraft:mud":4,"minecraft:wooden_pickaxe":53,"minecraft:torch":4,"minecraft:dirt":104,"minecraft:oak_slab":268,"minecraft:crafting_table":3,"minecraft:furnace":1,"minecraft:oak_sapling":5,"minecraft:oak_boat":2,"minecraft:bone_meal":6,"minecraft:oak_fence":25},"minecraft:picked_up":{"minecraft:raw_iron":2,"minecraft:oak_slab":5,"minecraft:mud":48,"minecraft:stick":5,"minecraft:crafting_table":1,"minecraft:wooden_pickaxe":1,"minecraft:oak_log":142,"minecraft:dirt":213,"minecraft:oak_sapling":7,"minecraft:moss_block":100,"minecraft:coal":2,"minecraft:oak_planks":10,"minecraft:cobblestone":68}},"DataVersion":3465}