{"stats":{"minecraft:mined":{"minecraft:jungle_leaves":15,"minecraft:grass":13,"minecraft:melon":23,"minecraft:vine":5,"minecraft:jungle_log":7,"minecraft:sand":16,"minecraft:tall_grass":1,"phayriosis:consumer":1,"minecraft:fern":8},"minecraft:killed_by":{"minecraft:player":1},"minecraft:picked_up":{"minecraft:crafting_table":1,"minecraft:jungle_log":7,"god:scrollof_life":1,"phayriosis:vein_seeds":2,"phayriosis:sluggle_eggs":2,"phayriosis:sensitive_antenna":1,"minecraft:sand":50,"minecraft:gunpowder":4,"tacz:ammo":56,"minecraft:rotten_flesh":1,"tacz:modern_kinetic_gun":1,"minecraft:wheat_seeds":8,"minecraft:iron_ingot":2,"minecraft:stone_pickaxe":1,"minecraft:melon_slice":213},"minecraft:crafted":{"minecraft:crafting_table":2,"minecraft:jungle_planks":28},"minecraft:used":{"minecraft:melon_slice":9,"minecraft:crafting_table":1},"minecraft:dropped":{"phayriosis:sluggle_eggs":2,"phayriosis:sensitive_antenna":1,"minecraft:melon_slice":6,"phayriosis:vein_seeds":2,"tacz:modern_kinetic_gun":1,"tacz:ammo":72,"minecraft:jungle_planks":20},"minecraft:killed":{"minecraft:zombie":1,"phayriosis:primitve_assimilated_human":3,"phayriosis:primitive_assimilated_spider":1,"phayriosis:primitive_assimilated_rabbit":1,"phayriosis:primitive_assimilated_sheep":1,"minecraft:creeper":1},"minecraft:custom":{"minecraft:time_since_rest":8626,"minecraft:sprint_one_cm":11950,"minecraft:damage_taken":396,"minecraft:walk_one_cm":144629,"minecraft:mob_kills":8,"minecraft:drop":37,"minecraft:interact_with_crafting_table":3,"minecraft:fly_one_cm":11205,"minecraft:player_kills":2,"minecraft:crouch_one_cm":331,"minecraft:play_time":53219,"minecraft:deaths":1,"minecraft:sneak_time":212,"minecraft:walk_under_water_one_cm":3560,"minecraft:jump":281,"minecraft:damage_dealt_resisted":48,"minecraft:walk_on_water_one_cm":4724,"minecraft:time_since_death":8587,"minecraft:total_world_time":53219,"minecraft:climb_one_cm":1506,"minecraft:fall_one_cm":2423}},"DataVersion":3465}