{"stats":{"minecraft:used":{"minecraft:torch":4},"minecraft:picked_up":{"god:scrollof_life":1},"minecraft:killed":{"minecraft:skeleton":1,"cryptid_vx:cryptid":1,"minecraft:creeper":1},"minecraft:mined":{"minecraft:birch_leaves":5,"minecraft:oak_leaves":2},"minecraft:custom":{"minecraft:jump":107,"minecraft:time_since_rest":25676,"minecraft:damage_taken":10,"minecraft:leave_game":3,"minecraft:play_time":25676,"minecraft:sprint_one_cm":2904,"minecraft:time_since_death":25676,"minecraft:walk_on_water_one_cm":1806,"minecraft:walk_one_cm":116554,"minecraft:sneak_time":21,"minecraft:total_world_time":25676,"minecraft:mob_kills":3,"minecraft:fall_one_cm":335,"minecraft:fly_one_cm":37545}},"DataVersion":3465}