{"stats":{"minecraft:used":{"minecraft:bread":2,"minecraft:spruce_sapling":2,"minecraft:torch":3,"minecraft:dirt":3,"travelersbackpack:standard":9,"minecraft:oak_sapling":1,"minecraft:cooked_porkchop":1,"minecraft:podzol":1},"minecraft:custom":{"minecraft:time_since_rest":1658,"minecraft:sprint_one_cm":17189,"minecraft:damage_taken":140,"minecraft:walk_one_cm":334459,"minecraft:mob_kills":3,"minecraft:drop":20,"minecraft:fly_one_cm":5073,"minecraft:crouch_one_cm":1785,"minecraft:play_time":46986,"minecraft:sneak_time":917,"minecraft:jump":164,"minecraft:leave_game":1,"minecraft:walk_on_water_one_cm":2021,"minecraft:time_since_death":46986,"minecraft:sleep_in_bed":1,"minecraft:climb_one_cm":3172,"minecraft:total_world_time":46986,"minecraft:fall_one_cm":2365},"minecraft:picked_up":{"minecraft:stick":1,"minecraft:leather":2,"god:scrollof_life":1,"minecraft:torch":3,"minecraft:oak_log":3,"minecraft:spruce_sapling":2,"minecraft:spruce_log":6,"minecraft:gunpowder":2,"minecraft:dirt":19,"tacz:ammo":36,"minecraft:rotten_flesh":1,"tacz:modern_kinetic_gun":1,"minecraft:beef":2,"minecraft:bread":64,"schizophrenia:pills":1,"minecraft:oak_sapling":2},"minecraft:killed":{"minecraft:zombie":1,"minecraft:creeper":1,"minecraft:cow":1},"minecraft:dropped":{"minecraft:bread":192,"minecraft:gunpowder":2,"schizophrenia:pills":2,"minecraft:oak_sapling":1,"tacz:modern_kinetic_gun":3,"tacz:ammo":250,"travelersbackpack:standard":2},"minecraft:crafted":{"minecraft:oak_planks":12,"minecraft:spruce_planks":24},"minecraft:mined":{"minecraft:large_fern":1,"minecraft:glass_pane":2,"minecraft:spruce_log":6,"minecraft:blue_stained_glass":2,"minecraft:torch":2,"minecraft:oak_log":4,"minecraft:dirt":19,"minecraft:spruce_leaves":5,"minecraft:oak_leaves":4,"minecraft:wall_torch":1}},"DataVersion":3465}