{"stats":{"minecraft:mined":{"minecraft:acacia_leaves":4,"minecraft:deepslate_diamond_ore":5,"minecraft:jungle_leaves":15,"phayriosis:bone_shoots":1,"phayriosis:boneshootss":2,"minecraft:crafting_table":1,"minecraft:granite":7,"minecraft:acacia_log":13,"minecraft:melon":23,"minecraft:jungle_log":7,"minecraft:tall_grass":2,"phayriosis:assimilated_remains":5,"phayriosis:consumer":1,"phayriosis:boneshootsl":1,"minecraft:grass":15,"minecraft:coal_ore":5,"minecraft:vine":5,"minecraft:deepslate_iron_ore":20,"minecraft:sand":17,"minecraft:stone":156,"phayriosis:convertedgore":1,"minecraft:deepslate":20,"minecraft:fern":8},"minecraft:killed_by":{"minecraft:player":2,"phayriosis:infector":1},"minecraft:picked_up":{"minecraft:crafting_table":1,"minecraft:jungle_log":7,"minecraft:wooden_pickaxe":1,"minecraft:cooked_rabbit":1,"minecraft:gunpowder":8,"minecraft:string":21,"minecraft:raw_copper":35,"tacz:ammo":255,"minecraft:bone":1,"phayriosis:assimilated_flesh":5,"minecraft:wheat_seeds":25,"minecraft:cobbled_deepslate":99,"phayriosis:overgrown_molar":2,"minecraft:rabbit_hide":6,"minecraft:iron_ingot":56,"minecraft:stone_pickaxe":5,"minecraft:iron_pickaxe":5,"phayriosis:small_horn":3,"minecraft:melon_slice":457,"minecraft:oak_planks":3,"minecraft:raw_iron":29,"god:scrollof_life":1,"minecraft:torch":16,"minecraft:acacia_log":12,"phayriosis:sensitive_antenna":1,"phayriosis:sluggle_eggs":4,"phayriosis:vein_seeds":2,"minecraft:jungle_planks":14,"minecraft:sand":153,"minecraft:redstone":24,"minecraft:spider_eye":7,"minecraft:rotten_flesh":3,"phayriosis:putrid_globy":1,"minecraft:diamond":8,"tacz:modern_kinetic_gun":3,"minecraft:granite":7,"minecraft:golden_apple":2,"minecraft:bread":1,"minecraft:mutton":1,"minecraft:glow_berries":15,"minecraft:coal":31,"minecraft:white_wool":1,"minecraft:cobblestone":541},"minecraft:crafted":{"minecraft:crafting_table":2,"minecraft:furnace":1,"minecraft:air":0,"minecraft:jungle_planks":28,"minecraft:iron_ingot":6,"minecraft:acacia_planks":48},"minecraft:used":{"minecraft:stone_pickaxe":154,"minecraft:wooden_pickaxe":49,"minecraft:golden_apple":1,"minecraft:crafting_table":2,"minecraft:melon_slice":11,"minecraft:iron_pickaxe":22,"minecraft:furnace":1},"minecraft:dropped":{"minecraft:iron_ingot":34,"minecraft:bread":1,"phayriosis:sluggle_eggs":3,"minecraft:wheat_seeds":1,"phayriosis:sensitive_antenna":1,"minecraft:raw_copper":30,"minecraft:diamond":7,"minecraft:rotten_flesh":1,"minecraft:cobblestone":64,"minecraft:glow_berries":2,"minecraft:jungle_planks":20,"minecraft:melon_slice":39,"phayriosis:overgrown_molar":1,"phayriosis:vein_seeds":2,"phayriosis:putrid_globy":1,"tacz:modern_kinetic_gun":1,"tacz:ammo":95,"minecraft:stone_pickaxe":2},"minecraft:broken":{"minecraft:stone_pickaxe":1,"minecraft:wooden_pickaxe":1},"minecraft:killed":{"minecraft:cave_spider":1,"phayriosis:infector":6,"phayriosis:primitive_assimilated_spider":3,"minecraft:spider":1,"phayriosis:primitive_assimilated_rabbit":1,"phayriosis:primitive_assimilated_sheep":1,"phayriosis:primitive_mindless_creeper":1,"minecraft:creeper":1,"minecraft:sheep":1,"minecraft:zombie":1,"phayriosis:primitve_assimilated_human":3,"phayriosis:primitive_mindless_skeleton":1},"minecraft:custom":{"minecraft:interact_with_furnace":3,"minecraft:mob_kills":21,"minecraft:interact_with_crafting_table":8,"minecraft:damage_dealt_resisted":48,"minecraft:time_since_death":11298,"minecraft:climb_one_cm":1506,"minecraft:time_since_rest":11324,"minecraft:sprint_one_cm":24369,"minecraft:damage_absorbed":40,"minecraft:damage_taken":1059,"minecraft:walk_one_cm":334326,"minecraft:drop":63,"minecraft:damage_dealt":8,"minecraft:fly_one_cm":13714,"minecraft:player_kills":3,"minecraft:crouch_one_cm":2814,"minecraft:play_time":101219,"minecraft:deaths":3,"minecraft:sneak_time":847,"minecraft:walk_under_water_one_cm":10785,"minecraft:jump":501,"minecraft:walk_on_water_one_cm":13004,"minecraft:total_world_time":101219,"minecraft:fall_one_cm":2843}},"DataVersion":3465}