{"stats":{"minecraft:used":{"minecraft:torch":2,"minecraft:dirt":3,"travelersbackpack:standard":7,"minecraft:cooked_porkchop":1,"minecraft:oak_sapling":1,"minecraft:podzol":1},"minecraft:custom":{"minecraft:time_since_rest":34986,"minecraft:sprint_one_cm":11207,"minecraft:walk_one_cm":249407,"minecraft:crouch_one_cm":1711,"minecraft:play_time":34986,"minecraft:damage_taken":120,"minecraft:sneak_time":822,"minecraft:mob_kills":2,"minecraft:drop":14,"minecraft:jump":81,"minecraft:leave_game":1,"minecraft:time_since_death":34986,"minecraft:total_world_time":34986,"minecraft:climb_one_cm":3172,"minecraft:fall_one_cm":836,"minecraft:fly_one_cm":2432},"minecraft:picked_up":{"tacz:ammo":36,"minecraft:rotten_flesh":1,"god:scrollof_life":1,"minecraft:torch":3,"tacz:modern_kinetic_gun":1,"minecraft:oak_log":3,"minecraft:gunpowder":2,"schizophrenia:pills":1,"minecraft:oak_sapling":2,"minecraft:dirt":19},"minecraft:killed":{"minecraft:zombie":1,"minecraft:creeper":1},"minecraft:dropped":{"tacz:modern_kinetic_gun":3,"tacz:ammo":250,"schizophrenia:pills":1,"travelersbackpack:standard":2,"minecraft:oak_sapling":1},"minecraft:crafted":{"minecraft:oak_planks":12},"minecraft:mined":{"minecraft:large_fern":1,"minecraft:oak_log":4,"minecraft:glass_pane":2,"minecraft:dirt":19,"minecraft:blue_stained_glass":2,"minecraft:oak_leaves":4,"minecraft:wall_torch":1,"minecraft:torch":2}},"DataVersion":3465}