{"stats":{"minecraft:used":{"minecraft:moss_block":11,"minecraft:wooden_pickaxe":32,"minecraft:dirt":97,"minecraft:crafting_table":2,"minecraft:oak_slab":15,"minecraft:oak_sapling":1,"minecraft:oak_boat":1},"minecraft:custom":{"minecraft:time_since_rest":20971,"minecraft:damage_taken":240,"minecraft:walk_one_cm":20001,"minecraft:drop":62,"minecraft:damage_dealt":27,"minecraft:traded_with_villager":1,"minecraft:interact_with_crafting_table":4,"minecraft:talked_to_villager":3,"minecraft:crouch_one_cm":15267,"minecraft:play_time":23548,"minecraft:deaths":1,"minecraft:sneak_time":4885,"minecraft:boat_one_cm":494,"minecraft:jump":7,"minecraft:leave_game":3,"minecraft:time_since_death":20932,"minecraft:total_world_time":23548},"minecraft:mined":{"minecraft:mud":12,"minecraft:grass_block":46,"minecraft:oak_log":19,"minecraft:dirt":2,"minecraft:spruce_leaves":12,"minecraft:stone":8,"minecraft:moss_block":16,"minecraft:oak_leaves":5},"minecraft:picked_up":{"minecraft:raw_iron":2,"minecraft:mud":17,"minecraft:stick":3,"minecraft:crafting_table":1,"minecraft:wooden_pickaxe":1,"minecraft:oak_log":48,"minecraft:dirt":127,"minecraft:oak_sapling":2,"minecraft:moss_block":86,"minecraft:cobblestone":9},"minecraft:crafted":{"minecraft:oak_boat":1,"minecraft:oak_slab":84,"minecraft:oak_planks":52,"minecraft:crafting_table":1,"minecraft:oak_sapling":3,"minecraft:air":0},"minecraft:dropped":{"minecraft:moss_block":54,"minecraft:oak_log":8}},"DataVersion":3465}