{"stats":{"minecraft:used":{"minecraft:bread":1,"minecraft:oak_planks":8,"minecraft:cooked_porkchop":1},"minecraft:custom":{"minecraft:time_since_rest":6231,"minecraft:sprint_one_cm":146120,"minecraft:damage_taken":760,"minecraft:walk_one_cm":97795,"minecraft:mob_kills":1,"minecraft:damage_dealt":20,"minecraft:fly_one_cm":48821,"minecraft:open_chest":1,"minecraft:crouch_one_cm":1467,"minecraft:play_time":26069,"minecraft:deaths":2,"minecraft:sneak_time":1051,"minecraft:walk_under_water_one_cm":252,"minecraft:jump":298,"minecraft:walk_on_water_one_cm":346,"minecraft:time_since_death":6209,"minecraft:climb_one_cm":1305,"minecraft:total_world_time":26069,"minecraft:fall_one_cm":10622},"minecraft:picked_up":{"minecraft:book":3,"minecraft:birch_log":2,"minecraft:torch":1,"minecraft:oak_log":2,"minecraft:gunpowder":1,"travelersbackpack:standard":1,"tacz:ammo":106,"tacz:modern_kinetic_gun":1,"minecraft:iron_ingot":1,"minecraft:spruce_sign":1,"schizophrenia:pills":2},"minecraft:killed":{"minecraft:creeper":1},"minecraft:killed_by":{"minecraft:skeleton":1},"minecraft:crafted":{"minecraft:oak_planks":8,"minecraft:birch_planks":8},"minecraft:mined":{"minecraft:birch_log":2,"minecraft:blue_stained_glass":6,"minecraft:torch":1,"gravestone:gravestone":1,"minecraft:grass":1,"minecraft:bookshelf":1,"minecraft:oak_log":2,"minecraft:gray_stained_glass":4,"minecraft:white_stained_glass_pane":2,"minecraft:white_stained_glass":2,"minecraft:oak_leaves":10,"minecraft:spruce_sign":1}},"DataVersion":3465}