{"stats":{"minecraft:used":{"minecraft:birch_planks":8,"minecraft:bread":1,"minecraft:oak_planks":10,"minecraft:spruce_planks":48,"minecraft:torch":2,"travelersbackpack:standard":2,"minecraft:cooked_porkchop":3},"minecraft:custom":{"minecraft:time_since_rest":1658,"minecraft:sprint_one_cm":170946,"minecraft:damage_taken":760,"minecraft:walk_one_cm":133897,"minecraft:mob_kills":3,"minecraft:damage_dealt":20,"minecraft:swim_one_cm":1968,"minecraft:fly_one_cm":56250,"minecraft:open_chest":1,"minecraft:crouch_one_cm":1982,"minecraft:play_time":38069,"minecraft:deaths":2,"minecraft:sneak_time":1299,"minecraft:walk_under_water_one_cm":524,"minecraft:jump":374,"minecraft:walk_on_water_one_cm":2257,"minecraft:time_since_death":18209,"minecraft:sleep_in_bed":1,"minecraft:climb_one_cm":1305,"minecraft:total_world_time":38069,"minecraft:fall_one_cm":10831},"minecraft:picked_up":{"minecraft:book":3,"minecraft:birch_log":2,"minecraft:torch":2,"minecraft:oak_log":5,"minecraft:spruce_log":12,"minecraft:gunpowder":1,"travelersbackpack:standard":1,"tacz:ammo":106,"tacz:modern_kinetic_gun":1,"minecraft:beef":3,"minecraft:iron_ingot":1,"minecraft:spruce_sign":1,"minecraft:bread":64,"schizophrenia:pills":3},"minecraft:killed":{"minecraft:spider":1,"minecraft:creeper":1,"minecraft:cow":1},"minecraft:killed_by":{"minecraft:skeleton":1},"minecraft:crafted":{"minecraft:oak_planks":20,"minecraft:spruce_planks":48,"minecraft:birch_planks":8},"minecraft:mined":{"minecraft:birch_log":2,"minecraft:spruce_log":13,"minecraft:birch_leaves":3,"minecraft:blue_stained_glass":6,"minecraft:torch":2,"gravestone:gravestone":2,"minecraft:grass":1,"minecraft:bookshelf":1,"minecraft:oak_log":5,"minecraft:gray_stained_glass":4,"minecraft:white_stained_glass_pane":2,"minecraft:white_stained_glass":6,"minecraft:spruce_leaves":1,"minecraft:oak_leaves":12,"minecraft:spruce_sign":1}},"DataVersion":3465}