{"stats":{"minecraft:used":{"minecraft:cooked_porkchop":1},"minecraft:custom":{"minecraft:time_since_rest":1806,"minecraft:play_time":14069,"minecraft:crouch_one_cm":245,"minecraft:sprint_one_cm":79521,"minecraft:deaths":1,"minecraft:damage_taken":250,"minecraft:walk_one_cm":47653,"minecraft:sneak_time":487,"minecraft:walk_under_water_one_cm":252,"minecraft:mob_kills":1,"minecraft:jump":172,"minecraft:damage_dealt":10,"minecraft:time_since_death":1739,"minecraft:walk_on_water_one_cm":346,"minecraft:total_world_time":14069,"minecraft:climb_one_cm":470,"minecraft:fall_one_cm":3892,"minecraft:fly_one_cm":29174},"minecraft:picked_up":{"travelersbackpack:standard":1,"tacz:ammo":106,"minecraft:torch":1,"tacz:modern_kinetic_gun":1,"minecraft:iron_ingot":1,"minecraft:gunpowder":1,"schizophrenia:pills":1},"minecraft:killed":{"minecraft:creeper":1},"minecraft:mined":{"minecraft:blue_stained_glass":2,"minecraft:torch":1}},"DataVersion":3465}