{"stats":{"minecraft:mined":{"minecraft:hay_block":7,"minecraft:spruce_planks":1,"minecraft:birch_log":2,"minecraft:spruce_log":20,"minecraft:birch_leaves":3,"minecraft:blue_stained_glass":8,"minecraft:torch":3,"gravestone:gravestone":5,"minecraft:grass":11,"minecraft:bookshelf":1,"minecraft:gray_stained_glass":4,"minecraft:oak_log":8,"minecraft:dirt_path":1,"minecraft:white_stained_glass_pane":2,"minecraft:white_stained_glass":6,"minecraft:spruce_leaves":1,"minecraft:oak_leaves":12,"minecraft:wall_torch":2,"minecraft:spruce_sign":1},"minecraft:killed_by":{"siren_head:siren_head_crawl_had_to_make_seprate_entity_for_this_ver":2,"minecraft:skeleton":1},"minecraft:dropped":{"gravestone:obituary":1,"tacz:modern_kinetic_gun":1},"minecraft:used":{"minecraft:birch_planks":8,"minecraft:bread":1,"minecraft:oak_planks":20,"minecraft:spruce_planks":48,"minecraft:torch":4,"travelersbackpack:standard":3,"minecraft:cooked_porkchop":9},"minecraft:crafted":{"minecraft:oak_planks":20,"minecraft:spruce_planks":76,"minecraft:birch_planks":8},"minecraft:killed":{"minecraft:horse":1,"minecraft:cat":1,"minecraft:skeleton":2,"minecraft:trader_llama":1,"minecraft:pig":1,"cryptid_vx:cryptid":1,"minecraft:spider":2,"schizophrenia:the_man":1,"minecraft:player":1,"minecraft:villager":15,"minecraft:creeper":2,"minecraft:cow":6},"minecraft:custom":{"minecraft:time_since_rest":1228,"minecraft:sprint_one_cm":408328,"minecraft:damage_taken":6852,"minecraft:walk_one_cm":319460,"minecraft:mob_kills":33,"minecraft:drop":2,"minecraft:damage_dealt":20,"minecraft:bell_ring":11,"minecraft:play_time":78022,"minecraft:crouch_one_cm":2221,"minecraft:player_kills":1,"minecraft:swim_one_cm":5339,"minecraft:talked_to_villager":6,"minecraft:fly_one_cm":164268,"minecraft:deaths":5,"minecraft:open_chest":3,"minecraft:sneak_time":1385,"minecraft:walk_under_water_one_cm":2647,"minecraft:jump":794,"minecraft:leave_game":5,"minecraft:time_since_death":1133,"minecraft:walk_on_water_one_cm":6711,"minecraft:sleep_in_bed":4,"minecraft:total_world_time":78022,"minecraft:climb_one_cm":3570,"minecraft:fall_one_cm":18573},"minecraft:picked_up":{"minecraft:book":3,"minecraft:birch_log":2,"minecraft:stick":2,"minecraft:leather":4,"minecraft:torch":7,"minecraft:porkchop":2,"minecraft:sand":1,"minecraft:oak_log":8,"minecraft:spruce_log":19,"minecraft:gunpowder":1,"minecraft:dirt":1,"minecraft:string":2,"travelersbackpack:standard":1,"tacz:ammo":178,"minecraft:bone":3,"minecraft:arrow":1,"minecraft:stone_bricks":1,"minecraft:cracked_stone_bricks":1,"tacz:modern_kinetic_gun":2,"minecraft:hay_block":7,"minecraft:iron_ingot":2,"minecraft:beef":5,"minecraft:spruce_sign":1,"minecraft:bread":64,"schizophrenia:pills":11}},"DataVersion":3465}