{"stats":{"minecraft:used":{"minecraft:torch":1,"minecraft:chicken":1,"minecraft:bread":1},"minecraft:custom":{"minecraft:time_since_rest":25557,"minecraft:crouch_one_cm":6093,"minecraft:sprint_one_cm":81960,"minecraft:play_time":25557,"minecraft:damage_taken":150,"minecraft:walk_one_cm":80166,"minecraft:sneak_time":1523,"minecraft:mob_kills":1,"minecraft:drop":1,"minecraft:jump":145,"minecraft:leave_game":15,"minecraft:time_since_death":25557,"minecraft:climb_one_cm":588,"minecraft:total_world_time":25557,"minecraft:fall_one_cm":838,"minecraft:fly_one_cm":8948},"minecraft:picked_up":{"tacz:ammo":108,"travelersbackpack:standard":1,"minecraft:feather":1,"minecraft:chicken":1,"minecraft:torch":2,"tacz:modern_kinetic_gun":1,"minecraft:redstone_torch":1,"minecraft:bread":128,"schizophrenia:pills":1,"minecraft:powered_rail":1,"minecraft:rail":1,"minecraft:egg":1},"minecraft:killed":{"minecraft:chicken":1},"minecraft:dropped":{"minecraft:bread":64},"minecraft:mined":{"minecraft:white_stained_glass":2,"minecraft:wall_torch":2}},"DataVersion":3465}