{"stats":{"minecraft:used":{"minecraft:moss_block":14,"minecraft:mud":1,"minecraft:wooden_axe":8,"minecraft:wooden_pickaxe":4,"minecraft:wooden_shovel":17,"minecraft:dirt":23},"minecraft:custom":{"minecraft:time_since_rest":21917,"minecraft:damage_taken":250,"minecraft:walk_one_cm":27086,"minecraft:drop":31,"minecraft:traded_with_villager":2,"minecraft:talked_to_villager":7,"minecraft:interact_with_crafting_table":2,"minecraft:fly_one_cm":67,"minecraft:crouch_one_cm":5853,"minecraft:play_time":22167,"minecraft:deaths":1,"minecraft:sneak_time":9703,"minecraft:boat_one_cm":41,"minecraft:jump":24,"minecraft:leave_game":3,"minecraft:time_since_death":21884,"minecraft:total_world_time":22167,"minecraft:fall_one_cm":476},"minecraft:mined":{"minecraft:mud":7,"minecraft:crafting_table":1,"minecraft:grass_block":108,"minecraft:oak_log":45,"minecraft:dirt":3,"minecraft:spruce_leaves":10,"minecraft:stone":3,"minecraft:moss_block":48,"minecraft:oak_leaves":14},"minecraft:picked_up":{"minecraft:mud":2,"minecraft:oak_log":37,"minecraft:dirt":53,"minecraft:moss_block":52,"minecraft:cobblestone":1},"minecraft:crafted":{"minecraft:wooden_sword":1,"minecraft:oak_planks":28,"minecraft:raw_iron":2,"minecraft:wooden_shovel":1,"minecraft:stick":12,"minecraft:wooden_pickaxe":1,"minecraft:wooden_axe":1,"minecraft:air":0},"minecraft:dropped":{"minecraft:dirt":27,"minecraft:moss_block":21,"minecraft:oak_log":14,"minecraft:raw_iron":2,"minecraft:wooden_pickaxe":1}},"DataVersion":3465}