{"stats":{"minecraft:mined":{"phayriosis:infestationb":1,"minecraft:grass":16,"minecraft:grass_block":1,"minecraft:melon":25,"minecraft:sand":5,"phayriosis:assimilated_corpse":2,"minecraft:stone":10,"phayriosis:meteor_stone":2,"phayriosis:convertedgore":1,"minecraft:oak_leaves":4,"phayriosis:mound":1,"phayriosis:assimilated_remains":8,"minecraft:fern":3},"minecraft:killed_by":{"minecraft:player":1,"phayriosis:primitve_assimilated_human":2},"minecraft:picked_up":{"god:scrollof_life":2,"phayriosis:sluggle_eggs":1,"phayriosis:vein_seeds":1,"minecraft:jungle_planks":20,"minecraft:sand":7,"minecraft:string":2,"minecraft:dirt":1,"phayriosis:meteor_stone":1,"tacz:ammo":210,"phayriosis:assimilated_flesh":6,"minecraft:diamond":1,"minecraft:wheat_seeds":5,"tacz:modern_kinetic_gun":4,"phayriosis:overgrown_molar":1,"minecraft:stone_pickaxe":1,"phayriosis:scarlet_claws":4,"minecraft:melon_slice":315,"minecraft:cobblestone":10,"minecraft:egg":1},"minecraft:crafted":{"minecraft:stick":8,"minecraft:stone_pickaxe":2,"minecraft:wooden_pickaxe":1},"minecraft:used":{"minecraft:melon_slice":4,"minecraft:wooden_pickaxe":10},"minecraft:dropped":{"phayriosis:scarlet_claws":4,"phayriosis:overgrown_molar":1,"phayriosis:vein_seeds":1,"tacz:modern_kinetic_gun":1,"minecraft:stone_pickaxe":1},"minecraft:killed":{"phayriosis:infector":1,"phayriosis:primitve_assimilated_human":1},"minecraft:custom":{"minecraft:time_since_rest":11453,"minecraft:sprint_one_cm":41916,"minecraft:damage_taken":786,"minecraft:walk_one_cm":66292,"minecraft:mob_kills":2,"minecraft:drop":8,"minecraft:interact_with_crafting_table":3,"minecraft:fly_one_cm":20844,"minecraft:crouch_one_cm":2477,"minecraft:play_time":23331,"minecraft:deaths":3,"minecraft:sneak_time":1715,"minecraft:jump":190,"minecraft:leave_game":2,"minecraft:time_since_death":11423,"minecraft:climb_one_cm":148,"minecraft:total_world_time":23331,"minecraft:fall_one_cm":987}},"DataVersion":3465}