{"stats":{"minecraft:dropped":{"minecraft:bread":64,"schizophrenia:pills":1,"gravestone:obituary":1},"minecraft:killed_by":{"minecraft:player":1,"god:seraphine":2,"siren_head:siren_head_crawl_had_to_make_seprate_entity_for_this_ver":1,"minecraft:creeper":2,"minecraft:zombie":1},"minecraft:killed":{"minecraft:chicken":1},"minecraft:picked_up":{"minecraft:seagrass":3,"minecraft:stick":4,"minecraft:feather":1,"minecraft:chicken":1,"minecraft:leather":1,"minecraft:torch":3,"minecraft:spruce_sapling":5,"minecraft:white_bed":1,"minecraft:spruce_log":8,"minecraft:dirt":26,"travelersbackpack:standard":3,"tacz:ammo":108,"tacz:modern_kinetic_gun":1,"minecraft:redstone_torch":1,"minecraft:bread":128,"schizophrenia:pills":7,"minecraft:powered_rail":1,"minecraft:rail":1,"minecraft:egg":1},"minecraft:mined":{"minecraft:white_bed":1,"minecraft:spruce_log":7,"travelersbackpack:standard":2,"gravestone:gravestone":7,"minecraft:grass_block":11,"minecraft:grass":2,"minecraft:white_stained_glass":2,"minecraft:dirt":16,"minecraft:spruce_leaves":4,"minecraft:wall_torch":3},"minecraft:custom":{"minecraft:time_since_rest":1671,"minecraft:interact_with_furnace":1,"minecraft:sprint_one_cm":301770,"minecraft:damage_taken":13030,"minecraft:walk_one_cm":222831,"minecraft:mob_kills":3,"minecraft:drop":3,"minecraft:damage_dealt":145,"minecraft:fly_one_cm":70054,"minecraft:open_chest":10,"minecraft:play_time":81115,"minecraft:crouch_one_cm":16859,"minecraft:deaths":12,"minecraft:bell_ring":6,"minecraft:sneak_time":5461,"minecraft:walk_under_water_one_cm":9338,"minecraft:jump":453,"minecraft:leave_game":44,"minecraft:time_since_death":1596,"minecraft:walk_on_water_one_cm":10005,"minecraft:climb_one_cm":1762,"minecraft:total_world_time":81115,"minecraft:fall_one_cm":16693},"minecraft:used":{"minecraft:chicken":1,"minecraft:bread":4,"minecraft:torch":2,"minecraft:dirt":5,"travelersbackpack:standard":5},"minecraft:crafted":{"minecraft:spruce_planks":32}},"DataVersion":3465}