{"stats":{"minecraft:used":{"minecraft:chicken":1,"minecraft:bread":1,"minecraft:torch":1},"minecraft:custom":{"minecraft:damage_taken":590,"minecraft:time_since_rest":3387,"minecraft:play_time":35503,"minecraft:crouch_one_cm":6115,"minecraft:sprint_one_cm":104164,"minecraft:interact_with_furnace":1,"minecraft:walk_one_cm":95835,"minecraft:deaths":2,"minecraft:sneak_time":1552,"minecraft:walk_under_water_one_cm":392,"minecraft:mob_kills":1,"minecraft:drop":1,"minecraft:jump":165,"minecraft:leave_game":23,"minecraft:time_since_death":3076,"minecraft:walk_on_water_one_cm":3825,"minecraft:total_world_time":35503,"minecraft:climb_one_cm":588,"minecraft:fly_one_cm":9935,"minecraft:fall_one_cm":2810},"minecraft:picked_up":{"travelersbackpack:standard":1,"tacz:ammo":108,"minecraft:feather":1,"minecraft:chicken":1,"tacz:modern_kinetic_gun":1,"minecraft:torch":3,"minecraft:redstone_torch":1,"minecraft:spruce_sapling":1,"minecraft:bread":128,"schizophrenia:pills":3,"minecraft:powered_rail":1,"minecraft:dirt":1,"minecraft:rail":1,"minecraft:egg":1},"minecraft:killed":{"minecraft:chicken":1},"minecraft:dropped":{"minecraft:bread":64},"minecraft:killed_by":{"siren_head:siren_head_crawl_had_to_make_seprate_entity_for_this_ver":1},"minecraft:mined":{"gravestone:gravestone":1,"minecraft:white_stained_glass":2,"minecraft:dirt":2,"minecraft:spruce_leaves":4,"minecraft:wall_torch":3}},"DataVersion":3465}