{"stats":{"minecraft:custom":{"minecraft:time_since_rest":4775,"minecraft:crouch_one_cm":2320,"minecraft:deaths":1,"minecraft:leave_game":1,"minecraft:play_time":5025,"minecraft:damage_taken":240,"minecraft:time_since_death":4742,"minecraft:walk_one_cm":403,"minecraft:sneak_time":4168,"minecraft:total_world_time":5025,"minecraft:drop":28},"minecraft:mined":{"minecraft:oak_log":20,"minecraft:grass_block":52,"minecraft:moss_block":30,"minecraft:dirt":1},"minecraft:picked_up":{"minecraft:oak_log":14,"minecraft:moss_block":22,"minecraft:dirt":27},"minecraft:dropped":{"minecraft:oak_log":14,"minecraft:dirt":27,"minecraft:moss_block":21}},"DataVersion":3465}