{"stats":{"minecraft:dropped":{"minecraft:dirt":77,"minecraft:moss_block":21,"minecraft:oak_log":84,"minecraft:oak_sapling":1,"minecraft:raw_iron":2,"minecraft:cobblestone":85,"minecraft:oak_planks":10,"minecraft:mud":26,"minecraft:wooden_pickaxe":1,"minecraft:spruce_sapling":1,"minecraft:stick":5},"minecraft:mined":{"minecraft:oak_slab":3,"minecraft:mud":46,"minecraft:iron_ore":21,"minecraft:crafting_table":2,"minecraft:coal_ore":15,"minecraft:grass_block":248,"minecraft:oak_log":138,"minecraft:dirt":7,"minecraft:spruce_leaves":55,"minecraft:stone":137,"minecraft:moss_block":112,"minecraft:oak_leaves":47},"minecraft:custom":{"minecraft:time_since_rest":57776,"minecraft:sprint_one_cm":1991,"minecraft:damage_taken":270,"minecraft:walk_one_cm":75299,"minecraft:drop":41,"minecraft:traded_with_villager":2,"minecraft:interact_with_crafting_table":10,"minecraft:talked_to_villager":18,"minecraft:fly_one_cm":200,"minecraft:open_chest":6,"minecraft:play_time":58026,"minecraft:crouch_one_cm":10165,"minecraft:deaths":1,"minecraft:sneak_time":31486,"minecraft:boat_one_cm":556,"minecraft:jump":50,"minecraft:leave_game":3,"minecraft:time_since_death":57743,"minecraft:total_world_time":58026,"minecraft:fall_one_cm":476},"minecraft:crafted":{"minecraft:wooden_sword":1,"minecraft:oak_planks":72,"minecraft:raw_iron":2,"minecraft:wooden_shovel":1,"minecraft:stone_shovel":2,"minecraft:stick":36,"minecraft:wooden_pickaxe":2,"minecraft:stone_pickaxe":2,"minecraft:wooden_axe":1,"minecraft:chest":4,"minecraft:stone_axe":2,"minecraft:air":0},"minecraft:broken":{"minecraft:wooden_shovel":1,"minecraft:stone_shovel":1,"minecraft:stone_pickaxe":1},"minecraft:used":{"minecraft:mud":2,"minecraft:stone_pickaxe":160,"minecraft:stone_shovel":174,"minecraft:chest":4,"minecraft:wooden_pickaxe":29,"minecraft:wooden_shovel":59,"minecraft:spruce_sapling":2,"minecraft:stone_axe":89,"minecraft:dirt":24,"minecraft:oak_slab":3,"minecraft:oak_sapling":5,"minecraft:moss_block":18,"minecraft:wooden_axe":27},"minecraft:picked_up":{"minecraft:crafting_table":1,"minecraft:mud":39,"minecraft:oak_slab":3,"minecraft:stick":5,"minecraft:raw_iron":21,"minecraft:oak_log":126,"minecraft:spruce_sapling":4,"minecraft:dirt":191,"minecraft:apple":1,"minecraft:oak_sapling":7,"minecraft:moss_block":115,"minecraft:coal":12,"minecraft:cobblestone":162}},"DataVersion":3465}