{"stats":{"minecraft:dropped":{"minecraft:bread":64},"minecraft:killed_by":{"god:seraphine":2,"siren_head:siren_head_crawl_had_to_make_seprate_entity_for_this_ver":1,"minecraft:creeper":2},"minecraft:killed":{"minecraft:chicken":1},"minecraft:picked_up":{"minecraft:stick":4,"minecraft:feather":1,"minecraft:chicken":1,"minecraft:leather":1,"minecraft:torch":3,"minecraft:spruce_sapling":5,"minecraft:white_bed":1,"minecraft:spruce_log":8,"minecraft:dirt":1,"travelersbackpack:standard":3,"tacz:ammo":108,"tacz:modern_kinetic_gun":1,"minecraft:redstone_torch":1,"minecraft:bread":128,"schizophrenia:pills":7,"minecraft:powered_rail":1,"minecraft:rail":1,"minecraft:egg":1},"minecraft:mined":{"minecraft:white_bed":1,"minecraft:spruce_log":7,"travelersbackpack:standard":2,"gravestone:gravestone":3,"minecraft:grass":1,"minecraft:white_stained_glass":2,"minecraft:dirt":2,"minecraft:spruce_leaves":4,"minecraft:wall_torch":3},"minecraft:custom":{"minecraft:time_since_rest":3446,"minecraft:interact_with_furnace":1,"minecraft:sprint_one_cm":230549,"minecraft:damage_taken":11790,"minecraft:walk_one_cm":185657,"minecraft:mob_kills":1,"minecraft:drop":1,"minecraft:fly_one_cm":41720,"minecraft:open_chest":10,"minecraft:play_time":69115,"minecraft:crouch_one_cm":15437,"minecraft:deaths":8,"minecraft:bell_ring":6,"minecraft:sneak_time":4537,"minecraft:walk_under_water_one_cm":868,"minecraft:jump":296,"minecraft:leave_game":44,"minecraft:time_since_death":3140,"minecraft:walk_on_water_one_cm":6489,"minecraft:climb_one_cm":1055,"minecraft:total_world_time":69115,"minecraft:fall_one_cm":3503},"minecraft:used":{"minecraft:chicken":1,"minecraft:bread":4,"minecraft:torch":2,"travelersbackpack:standard":5},"minecraft:crafted":{"minecraft:spruce_planks":32}},"DataVersion":3465}