{"stats":{"minecraft:dropped":{"minecraft:oak_door":1,"minecraft:bread":64,"minecraft:porkchop":3,"minecraft:stick":2,"minecraft:torch":1,"schizophrenia:pills":1,"minecraft:wooden_axe":1,"gravestone:obituary":4},"minecraft:killed_by":{"god:seraphine":2,"minecraft:player":1,"siren_head:siren_head_crawl_had_to_make_seprate_entity_for_this_ver":1,"minecraft:creeper":3,"minecraft:zombie":1},"minecraft:killed":{"minecraft:pig":4,"minecraft:spider":1,"minecraft:iron_golem":1,"minecraft:sheep":2,"minecraft:horse":6,"minecraft:chicken":1,"minecraft:player":1,"minecraft:villager":4},"minecraft:picked_up":{"minecraft:seagrass":3,"minecraft:feather":1,"minecraft:chicken":1,"minecraft:leather":1,"minecraft:oak_log":3,"gravestone:obituary":2,"minecraft:dirt":51,"minecraft:string":2,"tacz:ammo":108,"minecraft:wheat_seeds":1,"minecraft:redstone_torch":2,"schizophrenia:pills":7,"minecraft:powered_rail":1,"minecraft:egg":1,"minecraft:stick":4,"minecraft:oak_door":1,"minecraft:torch":6,"minecraft:porkchop":3,"minecraft:spruce_sapling":5,"minecraft:white_bed":1,"minecraft:spruce_log":8,"travelersbackpack:standard":3,"minecraft:rotten_flesh":4,"tacz:modern_kinetic_gun":1,"minecraft:bread":128,"minecraft:rail":1},"minecraft:mined":{"minecraft:white_bed":1,"travelersbackpack:standard":2,"minecraft:gray_stained_glass_pane":2,"minecraft:torch":2,"gravestone:gravestone":8,"minecraft:grass_block":12,"minecraft:gray_stained_glass":2,"minecraft:white_stained_glass":2,"minecraft:tall_grass":4,"minecraft:spruce_leaves":4,"minecraft:wall_torch":4,"minecraft:spruce_log":7,"minecraft:grass":6,"minecraft:oak_log":3,"minecraft:dirt":25,"minecraft:redstone_wall_torch":1},"minecraft:custom":{"minecraft:interact_with_furnace":1,"minecraft:mob_kills":21,"minecraft:interact_with_crafting_table":1,"minecraft:bell_ring":6,"minecraft:leave_game":45,"minecraft:time_since_death":5885,"minecraft:climb_one_cm":1840,"minecraft:time_since_rest":5915,"minecraft:sprint_one_cm":343250,"minecraft:damage_taken":14000,"minecraft:walk_one_cm":282930,"minecraft:drop":14,"minecraft:damage_dealt":1128,"minecraft:fly_one_cm":193563,"minecraft:player_kills":1,"minecraft:open_chest":14,"minecraft:crouch_one_cm":18872,"minecraft:play_time":109524,"minecraft:deaths":15,"minecraft:sneak_time":7604,"minecraft:walk_under_water_one_cm":9338,"minecraft:jump":574,"minecraft:walk_on_water_one_cm":10005,"minecraft:total_world_time":109524,"minecraft:fall_one_cm":18284},"minecraft:used":{"minecraft:torch":2,"minecraft:dirt":50,"minecraft:crafting_table":1,"minecraft:redstone_torch":1,"minecraft:wooden_axe":20,"minecraft:apple":1,"minecraft:chicken":1,"minecraft:bread":4,"travelersbackpack:standard":5,"minecraft:potato":4},"minecraft:crafted":{"minecraft:oak_planks":12,"minecraft:crafting_table":1,"minecraft:spruce_planks":32,"minecraft:stick":4,"minecraft:wooden_axe":1}},"DataVersion":3465}