{"stats":{"minecraft:mined":{"minecraft:deepslate_redstone_ore":2,"phayriosis:infestationb":2,"minecraft:tuff":2,"minecraft:acacia_leaves":12,"minecraft:deepslate_diamond_ore":3,"minecraft:crafting_table":2,"minecraft:torch":1,"minecraft:granite":27,"minecraft:acacia_log":22,"minecraft:grass_block":7,"minecraft:melon":25,"minecraft:copper_ore":8,"minecraft:tall_grass":8,"phayriosis:meteor_stone":2,"minecraft:oak_planks":5,"minecraft:sandstone":20,"minecraft:wall_torch":1,"minecraft:diorite":3,"phayriosis:assimilated_remains":17,"phayriosis:mound":1,"minecraft:furnace":2,"minecraft:iron_ore":1,"minecraft:grass":50,"minecraft:coal_ore":15,"minecraft:oak_log":4,"minecraft:deepslate_iron_ore":16,"minecraft:dirt":6,"minecraft:sand":23,"phayriosis:assimilated_corpse":5,"minecraft:stone":146,"phayriosis:convertedgore":9,"minecraft:oak_leaves":19,"phayriosis:goreplant":1,"minecraft:deepslate":27,"minecraft:fern":3},"minecraft:killed_by":{"minecraft:player":4,"minecraft:cave_spider":1,"phayriosis:primitive_assimilated_spider":1,"minecraft:drowned":1,"phayriosis:assimilated_enderman":1,"phayriosis:primitve_assimilated_human":2},"minecraft:picked_up":{"minecraft:crafting_table":7,"minecraft:chicken":3,"minecraft:salmon":7,"minecraft:wooden_pickaxe":1,"minecraft:tuff":6,"minecraft:oak_log":4,"minecraft:string":4,"minecraft:dirt":32,"minecraft:raw_copper":80,"minecraft:cooked_salmon":4,"tacz:ammo":711,"minecraft:bone":6,"minecraft:apple":1,"phayriosis:swollen_heart":2,"phayriosis:assimilated_flesh":9,"minecraft:wheat_seeds":18,"minecraft:cobbled_deepslate":44,"phayriosis:overgrown_molar":2,"minecraft:rabbit_hide":2,"minecraft:iron_ingot":61,"minecraft:stone_pickaxe":6,"minecraft:enchanted_golden_apple":136,"minecraft:iron_pickaxe":2,"minecraft:rabbit":1,"phayriosis:small_horn":3,"minecraft:melon_slice":445,"minecraft:oak_planks":4,"minecraft:acacia_sapling":7,"minecraft:furnace":6,"minecraft:egg":4,"minecraft:raw_iron":18,"minecraft:sandstone":60,"god:scrollof_life":2,"minecraft:torch":43,"minecraft:acacia_log":23,"phayriosis:sluggle_eggs":2,"phayriosis:sensitive_antenna":1,"phayriosis:vein_seeds":1,"minecraft:sand":34,"minecraft:jungle_planks":40,"minecraft:diorite":3,"minecraft:redstone":8,"minecraft:spider_eye":4,"phayriosis:meteor_stone":1,"minecraft:arrow":3,"minecraft:rotten_flesh":6,"phayriosis:putrid_globy":1,"minecraft:diamond":22,"tacz:modern_kinetic_gun":11,"minecraft:granite":95,"minecraft:mutton":1,"minecraft:white_wool":1,"phayriosis:dravarium_medicine":1,"phayriosis:scarlet_claws":6,"minecraft:bread":2,"phayriosis:crimsonscale":7,"minecraft:oak_sapling":3,"minecraft:glow_berries":5,"minecraft:coal":15,"minecraft:rail":3,"minecraft:cobblestone":411,"minecraft:ender_pearl":6},"minecraft:crafted":{"minecraft:oak_planks":16,"minecraft:crafting_table":1,"minecraft:wooden_pickaxe":1,"minecraft:furnace":1,"minecraft:cooked_salmon":2,"minecraft:air":0,"minecraft:stick":20,"minecraft:iron_ingot":26,"minecraft:stone_pickaxe":4,"minecraft:iron_pickaxe":2,"minecraft:torch":16,"minecraft:cooked_rabbit":1},"minecraft:used":{"minecraft:diorite":3,"minecraft:stone_pickaxe":261,"minecraft:wooden_pickaxe":10,"minecraft:cooked_salmon":2,"minecraft:torch":3,"minecraft:dirt":1,"minecraft:sand":12,"minecraft:crafting_table":2,"phayriosis:meteor_stone":1,"minecraft:melon_slice":23,"minecraft:iron_pickaxe":26,"minecraft:cobblestone":13,"minecraft:furnace":1,"minecraft:enchanted_golden_apple":2},"minecraft:dropped":{"phayriosis:sluggle_eggs":2,"phayriosis:sensitive_antenna":1,"minecraft:diamond":1,"minecraft:tuff":2,"phayriosis:scarlet_claws":6,"phayriosis:swollen_heart":1,"phayriosis:assimilated_flesh":3,"minecraft:dirt":1,"minecraft:torch":9,"minecraft:melon_slice":1,"phayriosis:crimsonscale":7,"phayriosis:overgrown_molar":1,"phayriosis:vein_seeds":1,"phayriosis:putrid_globy":1,"tacz:modern_kinetic_gun":1,"minecraft:wooden_pickaxe":1,"minecraft:stone_pickaxe":4,"minecraft:iron_pickaxe":2},"minecraft:broken":{"minecraft:stone_pickaxe":1},"minecraft:killed":{"minecraft:cave_spider":1,"phayriosis:infector":2,"minecraft:salmon":7,"minecraft:spider":3,"minecraft:rabbit":1,"phayriosis:assimilated_mite":2,"phayriosis:primitive_assimilated_wolf":1,"minecraft:sheep":5,"minecraft:skeleton":1,"minecraft:zombie":3,"phayriosis:primitve_assimilated_human":2,"minecraft:enderman":4},"minecraft:custom":{"minecraft:interact_with_furnace":19,"minecraft:mob_kills":32,"minecraft:interact_with_crafting_table":9,"minecraft:damage_resisted":81,"minecraft:leave_game":3,"minecraft:time_since_death":1116,"minecraft:climb_one_cm":3042,"minecraft:time_since_rest":1144,"minecraft:sprint_one_cm":222175,"minecraft:damage_absorbed":8,"minecraft:damage_taken":3303,"minecraft:walk_one_cm":345160,"minecraft:drop":35,"minecraft:damage_dealt":690,"minecraft:swim_one_cm":9757,"minecraft:fly_one_cm":83429,"minecraft:player_kills":4,"minecraft:play_time":106183,"minecraft:crouch_one_cm":26489,"minecraft:deaths":11,"minecraft:sneak_time":11598,"minecraft:walk_under_water_one_cm":28074,"minecraft:jump":892,"minecraft:walk_on_water_one_cm":28179,"minecraft:total_world_time":106183,"minecraft:fall_one_cm":11690}},"DataVersion":3465}