{"stats":{"minecraft:mined":{"minecraft:deepslate_redstone_ore":2,"phayriosis:infestationb":2,"minecraft:tuff":2,"minecraft:acacia_leaves":12,"minecraft:deepslate_diamond_ore":3,"minecraft:crafting_table":2,"minecraft:torch":1,"minecraft:granite":27,"minecraft:acacia_log":22,"minecraft:grass_block":7,"minecraft:melon":25,"minecraft:copper_ore":8,"minecraft:tall_grass":8,"phayriosis:meteor_stone":2,"minecraft:oak_planks":5,"minecraft:sandstone":20,"minecraft:wall_torch":1,"minecraft:diorite":3,"phayriosis:assimilated_remains":17,"phayriosis:mound":1,"minecraft:furnace":2,"minecraft:iron_ore":1,"minecraft:grass":50,"minecraft:coal_ore":15,"minecraft:oak_log":4,"minecraft:deepslate_iron_ore":16,"minecraft:dirt":6,"minecraft:sand":23,"phayriosis:assimilated_corpse":5,"minecraft:stone":146,"phayriosis:convertedgore":9,"minecraft:oak_leaves":19,"phayriosis:goreplant":1,"minecraft:deepslate":27,"minecraft:fern":3},"minecraft:killed_by":{"minecraft:player":3,"minecraft:cave_spider":1,"minecraft:drowned":1,"phayriosis:primitve_assimilated_human":2},"minecraft:picked_up":{"minecraft:crafting_table":7,"minecraft:salmon":7,"minecraft:wooden_pickaxe":1,"minecraft:tuff":6,"minecraft:oak_log":4,"minecraft:string":4,"minecraft:dirt":14,"minecraft:raw_copper":80,"minecraft:cooked_salmon":4,"tacz:ammo":328,"minecraft:bone":6,"minecraft:apple":1,"phayriosis:swollen_heart":2,"phayriosis:assimilated_flesh":9,"minecraft:wheat_seeds":18,"minecraft:cobbled_deepslate":44,"phayriosis:overgrown_molar":2,"minecraft:rabbit_hide":2,"minecraft:iron_ingot":61,"minecraft:stone_pickaxe":6,"minecraft:iron_pickaxe":2,"minecraft:rabbit":1,"phayriosis:small_horn":3,"minecraft:melon_slice":445,"minecraft:oak_planks":4,"minecraft:acacia_sapling":7,"minecraft:furnace":6,"minecraft:egg":4,"minecraft:raw_iron":18,"minecraft:sandstone":60,"god:scrollof_life":2,"minecraft:torch":43,"minecraft:acacia_log":23,"phayriosis:sluggle_eggs":2,"phayriosis:sensitive_antenna":1,"phayriosis:vein_seeds":1,"minecraft:sand":33,"minecraft:jungle_planks":40,"minecraft:diorite":3,"minecraft:redstone":8,"minecraft:spider_eye":4,"phayriosis:meteor_stone":1,"minecraft:arrow":3,"minecraft:rotten_flesh":6,"phayriosis:putrid_globy":1,"minecraft:diamond":19,"tacz:modern_kinetic_gun":8,"minecraft:granite":95,"phayriosis:scarlet_claws":6,"minecraft:bread":2,"minecraft:oak_sapling":3,"minecraft:glow_berries":5,"minecraft:coal":15,"minecraft:rail":3,"minecraft:cobblestone":411,"minecraft:ender_pearl":4},"minecraft:crafted":{"minecraft:oak_planks":16,"minecraft:crafting_table":1,"minecraft:wooden_pickaxe":1,"minecraft:furnace":1,"minecraft:cooked_salmon":2,"minecraft:air":0,"minecraft:stick":20,"minecraft:iron_ingot":26,"minecraft:stone_pickaxe":4,"minecraft:iron_pickaxe":2,"minecraft:torch":16,"minecraft:cooked_rabbit":1},"minecraft:used":{"minecraft:diorite":3,"minecraft:stone_pickaxe":261,"minecraft:wooden_pickaxe":10,"minecraft:cooked_salmon":2,"minecraft:torch":3,"minecraft:dirt":1,"minecraft:sand":12,"minecraft:crafting_table":2,"phayriosis:meteor_stone":1,"minecraft:melon_slice":23,"minecraft:iron_pickaxe":26,"minecraft:cobblestone":13,"minecraft:furnace":1},"minecraft:dropped":{"phayriosis:sluggle_eggs":2,"phayriosis:sensitive_antenna":1,"minecraft:tuff":2,"phayriosis:scarlet_claws":6,"phayriosis:swollen_heart":1,"phayriosis:assimilated_flesh":3,"minecraft:dirt":1,"minecraft:torch":9,"minecraft:melon_slice":1,"phayriosis:overgrown_molar":1,"phayriosis:vein_seeds":1,"phayriosis:putrid_globy":1,"tacz:modern_kinetic_gun":1,"minecraft:wooden_pickaxe":1,"minecraft:stone_pickaxe":4,"minecraft:iron_pickaxe":2},"minecraft:broken":{"minecraft:stone_pickaxe":1},"minecraft:killed":{"minecraft:cave_spider":1,"phayriosis:infector":2,"minecraft:salmon":7,"minecraft:spider":3,"minecraft:rabbit":1,"phayriosis:primitive_assimilated_wolf":1,"minecraft:sheep":4,"minecraft:skeleton":1,"minecraft:zombie":3,"phayriosis:primitve_assimilated_human":2,"minecraft:enderman":3},"minecraft:custom":{"minecraft:interact_with_furnace":19,"minecraft:mob_kills":28,"minecraft:interact_with_crafting_table":9,"minecraft:leave_game":3,"minecraft:time_since_death":4290,"minecraft:climb_one_cm":148,"minecraft:time_since_rest":4324,"minecraft:sprint_one_cm":179404,"minecraft:damage_taken":2308,"minecraft:walk_one_cm":314894,"minecraft:drop":33,"minecraft:damage_dealt":351,"minecraft:swim_one_cm":9757,"minecraft:fly_one_cm":59992,"minecraft:player_kills":3,"minecraft:play_time":94183,"minecraft:crouch_one_cm":25771,"minecraft:deaths":7,"minecraft:sneak_time":10153,"minecraft:walk_under_water_one_cm":23206,"minecraft:jump":764,"minecraft:walk_on_water_one_cm":26806,"minecraft:total_world_time":94183,"minecraft:fall_one_cm":8751}},"DataVersion":3465}