{"stats":{"minecraft:used":{"minecraft:moss_block":18,"minecraft:mud":2,"minecraft:wooden_axe":27,"minecraft:stone_shovel":63,"minecraft:stone_pickaxe":55,"minecraft:wooden_pickaxe":29,"minecraft:wooden_shovel":59,"minecraft:stone_axe":32,"minecraft:dirt":24,"minecraft:oak_slab":3},"minecraft:custom":{"minecraft:sprint_one_cm":121,"minecraft:time_since_rest":39917,"minecraft:damage_taken":260,"minecraft:walk_one_cm":51383,"minecraft:drop":34,"minecraft:traded_with_villager":2,"minecraft:talked_to_villager":14,"minecraft:interact_with_crafting_table":6,"minecraft:fly_one_cm":134,"minecraft:crouch_one_cm":8786,"minecraft:play_time":40167,"minecraft:deaths":1,"minecraft:sneak_time":21063,"minecraft:boat_one_cm":41,"minecraft:jump":42,"minecraft:leave_game":3,"minecraft:time_since_death":39884,"minecraft:total_world_time":40167,"minecraft:fall_one_cm":476},"minecraft:mined":{"minecraft:oak_slab":3,"minecraft:mud":22,"minecraft:crafting_table":2,"minecraft:grass_block":177,"minecraft:oak_log":88,"minecraft:dirt":3,"minecraft:spruce_leaves":29,"minecraft:stone":75,"minecraft:moss_block":92,"minecraft:oak_leaves":31},"minecraft:picked_up":{"minecraft:crafting_table":1,"minecraft:oak_slab":3,"minecraft:mud":18,"minecraft:oak_log":79,"minecraft:spruce_sapling":1,"minecraft:dirt":123,"minecraft:apple":1,"minecraft:moss_block":95,"minecraft:cobblestone":61},"minecraft:broken":{"minecraft:wooden_shovel":1},"minecraft:crafted":{"minecraft:wooden_sword":1,"minecraft:oak_planks":32,"minecraft:raw_iron":2,"minecraft:wooden_shovel":1,"minecraft:stone_shovel":1,"minecraft:stick":20,"minecraft:wooden_pickaxe":2,"minecraft:stone_pickaxe":1,"minecraft:wooden_axe":1,"minecraft:stone_axe":1,"minecraft:air":0},"minecraft:dropped":{"minecraft:dirt":27,"minecraft:moss_block":21,"minecraft:oak_log":31,"minecraft:raw_iron":2,"minecraft:cobblestone":44,"minecraft:oak_planks":10,"minecraft:wooden_pickaxe":1}},"DataVersion":3465}