{"stats":{"minecraft:dropped":{"minecraft:bread":64,"schizophrenia:pills":1,"gravestone:obituary":2},"minecraft:killed_by":{"minecraft:player":1,"god:seraphine":2,"siren_head:siren_head_crawl_had_to_make_seprate_entity_for_this_ver":1,"minecraft:creeper":3,"minecraft:zombie":1},"minecraft:killed":{"minecraft:chicken":1,"minecraft:spider":1},"minecraft:picked_up":{"minecraft:seagrass":3,"minecraft:stick":4,"minecraft:feather":1,"minecraft:chicken":1,"minecraft:leather":1,"minecraft:torch":3,"gravestone:obituary":1,"minecraft:spruce_sapling":5,"minecraft:white_bed":1,"minecraft:spruce_log":8,"minecraft:string":2,"minecraft:dirt":51,"travelersbackpack:standard":3,"tacz:ammo":108,"minecraft:rotten_flesh":4,"minecraft:wheat_seeds":1,"tacz:modern_kinetic_gun":1,"minecraft:redstone_torch":2,"minecraft:bread":128,"schizophrenia:pills":7,"minecraft:powered_rail":1,"minecraft:rail":1,"minecraft:egg":1},"minecraft:mined":{"minecraft:white_bed":1,"minecraft:spruce_log":7,"travelersbackpack:standard":2,"gravestone:gravestone":8,"minecraft:grass_block":12,"minecraft:grass":2,"minecraft:white_stained_glass":2,"minecraft:dirt":25,"minecraft:spruce_leaves":4,"minecraft:redstone_wall_torch":1,"minecraft:wall_torch":3},"minecraft:custom":{"minecraft:time_since_rest":11745,"minecraft:interact_with_furnace":1,"minecraft:sprint_one_cm":319065,"minecraft:damage_taken":13410,"minecraft:walk_one_cm":238445,"minecraft:mob_kills":4,"minecraft:drop":4,"minecraft:damage_dealt":187,"minecraft:fly_one_cm":71866,"minecraft:open_chest":12,"minecraft:play_time":93115,"minecraft:crouch_one_cm":18617,"minecraft:deaths":13,"minecraft:bell_ring":6,"minecraft:sneak_time":6938,"minecraft:walk_under_water_one_cm":9338,"minecraft:jump":517,"minecraft:leave_game":44,"minecraft:time_since_death":11713,"minecraft:walk_on_water_one_cm":10005,"minecraft:climb_one_cm":1762,"minecraft:total_world_time":93115,"minecraft:fall_one_cm":16693},"minecraft:used":{"minecraft:redstone_torch":1,"minecraft:apple":1,"minecraft:chicken":1,"minecraft:bread":4,"minecraft:torch":2,"minecraft:dirt":43,"travelersbackpack:standard":5},"minecraft:crafted":{"minecraft:spruce_planks":32}},"DataVersion":3465}