{"stats":{"minecraft:custom":{"minecraft:time_since_rest":16690,"minecraft:crouch_one_cm":4758,"minecraft:sprint_one_cm":49447,"minecraft:play_time":16690,"minecraft:damage_taken":150,"minecraft:walk_one_cm":43461,"minecraft:sneak_time":1114,"minecraft:mob_kills":1,"minecraft:jump":114,"minecraft:leave_game":9,"minecraft:time_since_death":16690,"minecraft:climb_one_cm":148,"minecraft:total_world_time":16690,"minecraft:fall_one_cm":418,"minecraft:fly_one_cm":7079},"minecraft:picked_up":{"tacz:ammo":108,"travelersbackpack:standard":1,"minecraft:feather":1,"minecraft:chicken":1,"minecraft:torch":1,"tacz:modern_kinetic_gun":1,"minecraft:redstone_torch":1,"schizophrenia:pills":1,"minecraft:powered_rail":1,"minecraft:rail":1,"minecraft:egg":1},"minecraft:killed":{"minecraft:chicken":1},"minecraft:mined":{"minecraft:white_stained_glass":2,"minecraft:wall_torch":1}},"DataVersion":3465}