{"stats":{"minecraft:mined":{"phayriosis:infestationb":1,"minecraft:iron_ore":1,"minecraft:crafting_table":1,"minecraft:coal_ore":15,"minecraft:grass":16,"minecraft:grass_block":1,"minecraft:melon":25,"minecraft:sand":23,"phayriosis:assimilated_corpse":2,"minecraft:copper_ore":1,"minecraft:stone":29,"phayriosis:meteor_stone":2,"phayriosis:convertedgore":1,"minecraft:sandstone":20,"minecraft:oak_leaves":4,"phayriosis:mound":1,"phayriosis:assimilated_remains":8,"minecraft:fern":3},"minecraft:killed_by":{"minecraft:player":2,"phayriosis:primitve_assimilated_human":2},"minecraft:picked_up":{"minecraft:raw_iron":1,"minecraft:crafting_table":1,"minecraft:sandstone":20,"minecraft:salmon":2,"god:scrollof_life":2,"minecraft:wooden_pickaxe":1,"phayriosis:sluggle_eggs":2,"phayriosis:vein_seeds":1,"minecraft:jungle_planks":33,"minecraft:sand":33,"minecraft:string":3,"minecraft:dirt":2,"minecraft:raw_copper":2,"phayriosis:meteor_stone":1,"tacz:ammo":276,"phayriosis:assimilated_flesh":6,"minecraft:diamond":1,"minecraft:wheat_seeds":8,"tacz:modern_kinetic_gun":5,"minecraft:rabbit_hide":2,"phayriosis:overgrown_molar":1,"minecraft:stone_pickaxe":3,"phayriosis:scarlet_claws":4,"minecraft:rabbit":1,"minecraft:melon_slice":374,"minecraft:coal":15,"minecraft:cobblestone":41,"minecraft:egg":2},"minecraft:crafted":{"minecraft:stick":8,"minecraft:stone_pickaxe":2,"minecraft:wooden_pickaxe":1},"minecraft:used":{"phayriosis:meteor_stone":1,"minecraft:melon_slice":6,"minecraft:stone_pickaxe":77,"minecraft:wooden_pickaxe":10,"minecraft:cobblestone":7},"minecraft:dropped":{"phayriosis:sluggle_eggs":2,"phayriosis:scarlet_claws":4,"phayriosis:overgrown_molar":1,"phayriosis:vein_seeds":1,"tacz:modern_kinetic_gun":1,"minecraft:stone_pickaxe":2,"phayriosis:assimilated_flesh":3},"minecraft:killed":{"phayriosis:infector":1,"phayriosis:primitve_assimilated_human":1,"minecraft:salmon":2,"minecraft:rabbit":1},"minecraft:custom":{"minecraft:time_since_rest":9980,"minecraft:sprint_one_cm":58056,"minecraft:damage_taken":1038,"minecraft:walk_one_cm":104146,"minecraft:mob_kills":5,"minecraft:drop":12,"minecraft:damage_dealt":49,"minecraft:swim_one_cm":1370,"minecraft:player_kills":1,"minecraft:interact_with_crafting_table":3,"minecraft:fly_one_cm":23342,"minecraft:crouch_one_cm":6233,"minecraft:play_time":35331,"minecraft:deaths":4,"minecraft:sneak_time":3248,"minecraft:walk_under_water_one_cm":5867,"minecraft:jump":330,"minecraft:walk_on_water_one_cm":5979,"minecraft:leave_game":2,"minecraft:time_since_death":9953,"minecraft:climb_one_cm":148,"minecraft:total_world_time":35331,"minecraft:fall_one_cm":2696}},"DataVersion":3465}