{"stats":{"minecraft:custom":{"minecraft:time_since_rest":236,"minecraft:crouch_one_cm":569,"minecraft:sprint_one_cm":11851,"minecraft:play_time":10723,"minecraft:deaths":1,"minecraft:damage_taken":310,"minecraft:walk_one_cm":19492,"minecraft:sneak_time":217,"minecraft:jump":23,"minecraft:leave_game":8,"minecraft:time_since_death":2451,"minecraft:sleep_in_bed":1,"minecraft:total_world_time":10723,"minecraft:fall_one_cm":544,"minecraft:fly_one_cm":1078},"minecraft:used":{"minecraft:yellow_bed":1},"minecraft:killed_by":{"man:managgresive":1},"minecraft:mined":{"minecraft:hay_block":6,"minecraft:yellow_bed":1,"minecraft:wall_torch":1},"minecraft:picked_up":{"travelersbackpack:standard":1,"minecraft:torch":1,"minecraft:dandelion":1,"minecraft:hay_block":6,"minecraft:yellow_bed":1}},"DataVersion":3465}