{"stats":{"minecraft:custom":{"minecraft:time_since_rest":6090,"minecraft:crouch_one_cm":1671,"minecraft:sprint_one_cm":11851,"minecraft:play_time":16577,"minecraft:deaths":1,"minecraft:damage_taken":310,"minecraft:walk_one_cm":23111,"minecraft:sneak_time":1147,"minecraft:jump":27,"minecraft:leave_game":13,"minecraft:time_since_death":8305,"minecraft:sleep_in_bed":1,"minecraft:total_world_time":16577,"minecraft:fall_one_cm":544,"minecraft:fly_one_cm":1078},"minecraft:killed_by":{"man:managgresive":1},"minecraft:picked_up":{"travelersbackpack:standard":1,"minecraft:torch":1,"minecraft:dandelion":1,"minecraft:hay_block":6,"minecraft:yellow_bed":1},"minecraft:used":{"travelersbackpack:standard":6,"minecraft:yellow_bed":1},"minecraft:mined":{"gravestone:gravestone":1,"minecraft:hay_block":6,"minecraft:yellow_bed":1,"minecraft:wall_torch":1}},"DataVersion":3465}