{"stats":{"minecraft:used":{"minecraft:moss_block":18,"minecraft:mud":2,"minecraft:wooden_axe":27,"minecraft:stone_shovel":131,"minecraft:stone_pickaxe":126,"minecraft:chest":4,"minecraft:wooden_pickaxe":29,"minecraft:spruce_sapling":2,"minecraft:wooden_shovel":59,"minecraft:stone_axe":69,"minecraft:dirt":24,"minecraft:oak_slab":3,"minecraft:oak_sapling":3},"minecraft:custom":{"minecraft:sprint_one_cm":1549,"minecraft:time_since_rest":51917,"minecraft:damage_taken":270,"minecraft:walk_one_cm":69797,"minecraft:drop":41,"minecraft:traded_with_villager":2,"minecraft:talked_to_villager":18,"minecraft:interact_with_crafting_table":9,"minecraft:fly_one_cm":200,"minecraft:open_chest":3,"minecraft:crouch_one_cm":9868,"minecraft:play_time":52167,"minecraft:deaths":1,"minecraft:sneak_time":28931,"minecraft:boat_one_cm":41,"minecraft:jump":50,"minecraft:leave_game":3,"minecraft:time_since_death":51884,"minecraft:total_world_time":52167,"minecraft:fall_one_cm":476},"minecraft:mined":{"minecraft:oak_slab":3,"minecraft:mud":36,"minecraft:iron_ore":13,"minecraft:crafting_table":2,"minecraft:coal_ore":8,"minecraft:grass_block":231,"minecraft:oak_log":119,"minecraft:dirt":7,"minecraft:spruce_leaves":46,"minecraft:stone":122,"minecraft:moss_block":102,"minecraft:oak_leaves":45},"minecraft:picked_up":{"minecraft:crafting_table":1,"minecraft:oak_slab":3,"minecraft:mud":31,"minecraft:oak_log":109,"minecraft:spruce_sapling":4,"minecraft:dirt":176,"minecraft:apple":1,"minecraft:oak_sapling":5,"minecraft:moss_block":105,"minecraft:coal":5,"minecraft:stick":5,"minecraft:cobblestone":148,"minecraft:raw_iron":13},"minecraft:broken":{"minecraft:wooden_shovel":1,"minecraft:stone_shovel":1},"minecraft:crafted":{"minecraft:wooden_sword":1,"minecraft:oak_planks":68,"minecraft:raw_iron":2,"minecraft:wooden_shovel":1,"minecraft:stone_shovel":1,"minecraft:stick":28,"minecraft:wooden_pickaxe":2,"minecraft:stone_pickaxe":2,"minecraft:wooden_axe":1,"minecraft:chest":4,"minecraft:stone_axe":2,"minecraft:air":0},"minecraft:dropped":{"minecraft:dirt":77,"minecraft:moss_block":21,"minecraft:oak_log":84,"minecraft:oak_sapling":1,"minecraft:raw_iron":2,"minecraft:cobblestone":85,"minecraft:oak_planks":10,"minecraft:mud":26,"minecraft:wooden_pickaxe":1,"minecraft:spruce_sapling":1,"minecraft:stick":5}},"DataVersion":3465}