{"stats":{"minecraft:mined":{"minecraft:grass":15,"minecraft:melon":25,"phayriosis:assimilated_corpse":2,"phayriosis:convertedgore":1,"phayriosis:assimilated_remains":8,"phayriosis:mound":1,"minecraft:fern":3},"minecraft:killed_by":{"phayriosis:primitve_assimilated_human":2},"minecraft:picked_up":{"tacz:ammo":144,"phayriosis:assimilated_flesh":3,"god:scrollof_life":2,"minecraft:wheat_seeds":2,"tacz:modern_kinetic_gun":3,"phayriosis:overgrown_molar":1,"phayriosis:vein_seeds":1,"phayriosis:scarlet_claws":4,"minecraft:melon_slice":254,"minecraft:string":1},"minecraft:used":{"minecraft:melon_slice":2},"minecraft:dropped":{"tacz:modern_kinetic_gun":1},"minecraft:killed":{"phayriosis:infector":1,"phayriosis:primitve_assimilated_human":1},"minecraft:custom":{"minecraft:time_since_rest":2192,"minecraft:deaths":2,"minecraft:crouch_one_cm":1128,"minecraft:sprint_one_cm":28057,"minecraft:play_time":11331,"minecraft:damage_taken":610,"minecraft:walk_one_cm":40730,"minecraft:sneak_time":576,"minecraft:mob_kills":2,"minecraft:drop":1,"minecraft:jump":43,"minecraft:leave_game":2,"minecraft:time_since_death":2033,"minecraft:total_world_time":11331,"minecraft:fall_one_cm":418,"minecraft:fly_one_cm":4739}},"DataVersion":3465}