{"stats":{"minecraft:mined":{"minecraft:grass":14,"minecraft:melon":25,"minecraft:fern":3},"minecraft:killed_by":{"phayriosis:primitve_assimilated_human":1},"minecraft:picked_up":{"tacz:ammo":72,"god:scrollof_life":2,"minecraft:wheat_seeds":1,"tacz:modern_kinetic_gun":2,"minecraft:melon_slice":127},"minecraft:dropped":{"tacz:modern_kinetic_gun":1},"minecraft:custom":{"minecraft:time_since_rest":8123,"minecraft:walk_one_cm":24494,"minecraft:crouch_one_cm":1119,"minecraft:play_time":9002,"minecraft:sprint_one_cm":21996,"minecraft:damage_taken":250,"minecraft:deaths":1,"minecraft:sneak_time":568,"minecraft:drop":1,"minecraft:jump":29,"minecraft:leave_game":1,"minecraft:time_since_death":7811,"minecraft:total_world_time":9002,"minecraft:fly_one_cm":3308,"minecraft:fall_one_cm":209}},"DataVersion":3465}