{"stats":{"minecraft:mined":{"minecraft:tuff":2,"minecraft:deepslate_diamond_ore":3,"minecraft:granite":27,"minecraft:acacia_log":22,"minecraft:grass_block":21,"phayriosis:corpsebloom":1,"phayriosis:meteor_stone":2,"minecraft:sandstone":20,"phayriosis:mound":1,"minecraft:furnace":2,"minecraft:iron_ore":1,"minecraft:deepslate_iron_ore":16,"minecraft:stone":146,"phayriosis:convertedgore":10,"minecraft:deepslate_redstone_ore":2,"phayriosis:infestationb":2,"minecraft:acacia_leaves":12,"phayriosis:corpsebloom_stem":2,"minecraft:crafting_table":2,"minecraft:torch":1,"minecraft:melon":25,"minecraft:tall_grass":10,"minecraft:copper_ore":8,"minecraft:oak_planks":5,"minecraft:diorite":3,"minecraft:wall_torch":1,"phayriosis:assimilated_remains":17,"minecraft:grass":50,"minecraft:oak_log":4,"minecraft:coal_ore":15,"minecraft:sand":23,"minecraft:dirt":21,"phayriosis:assimilated_corpse":5,"minecraft:oak_leaves":19,"phayriosis:goreplant":1,"minecraft:deepslate":27,"minecraft:fern":3},"minecraft:killed_by":{"minecraft:player":4,"phayriosis:primitive_assimilated_spider":1,"minecraft:drowned":1,"minecraft:cave_spider":1,"phayriosis:assimilated_enderman":1,"phayriosis:primitve_assimilated_human":2},"minecraft:picked_up":{"minecraft:crafting_table":7,"minecraft:chicken":3,"minecraft:wooden_pickaxe":1,"minecraft:string":4,"minecraft:raw_copper":80,"minecraft:cooked_salmon":4,"tacz:ammo":711,"phayriosis:assimilated_flesh":11,"phayriosis:swollen_heart":2,"minecraft:cobbled_deepslate":44,"minecraft:iron_pickaxe":2,"minecraft:enchanted_golden_apple":136,"phayriosis:small_horn":3,"minecraft:melon_slice":445,"minecraft:egg":4,"minecraft:furnace":6,"minecraft:raw_iron":18,"minecraft:sandstone":60,"minecraft:torch":43,"minecraft:acacia_log":23,"phayriosis:sluggle_eggs":2,"phayriosis:vein_seeds":1,"tacz:attachment":1,"minecraft:diorite":3,"minecraft:redstone":8,"minecraft:arrow":3,"minecraft:rotten_flesh":6,"phayriosis:scarlet_claws":6,"phayriosis:crimsonscale":7,"minecraft:glow_berries":5,"minecraft:mutton":2,"minecraft:rail":3,"minecraft:white_wool":2,"minecraft:cobblestone":411,"minecraft:salmon":7,"minecraft:tuff":6,"minecraft:oak_log":4,"minecraft:dirt":58,"minecraft:bone":6,"minecraft:apple":1,"minecraft:wheat_seeds":19,"phayriosis:overgrown_molar":2,"minecraft:rabbit_hide":2,"minecraft:iron_ingot":61,"minecraft:stone_pickaxe":6,"minecraft:rabbit":1,"minecraft:acacia_sapling":7,"minecraft:oak_planks":4,"god:scrollof_life":2,"phayriosis:sensitive_antenna":1,"minecraft:jungle_planks":40,"minecraft:sand":34,"minecraft:spider_eye":4,"phayriosis:meteor_stone":1,"phayriosis:putrid_globy":1,"minecraft:diamond":22,"tacz:modern_kinetic_gun":12,"minecraft:granite":95,"minecraft:bread":2,"minecraft:oak_sapling":3,"minecraft:coal":15,"phayriosis:dravarium_medicine":1,"minecraft:ender_pearl":6},"minecraft:crafted":{"minecraft:oak_planks":16,"minecraft:furnace":1,"minecraft:stone_pickaxe":4,"minecraft:cooked_rabbit":1,"minecraft:crafting_table":1,"minecraft:wooden_pickaxe":1,"minecraft:cooked_salmon":2,"minecraft:air":0,"minecraft:stick":20,"minecraft:iron_pickaxe":2,"minecraft:iron_ingot":26,"minecraft:torch":16},"minecraft:used":{"minecraft:cooked_salmon":2,"minecraft:torch":3,"minecraft:dirt":19,"phayriosis:meteor_stone":1,"minecraft:furnace":1,"minecraft:enchanted_golden_apple":4,"minecraft:diorite":3,"minecraft:stone_pickaxe":261,"minecraft:wooden_pickaxe":10,"minecraft:sand":12,"minecraft:crafting_table":2,"minecraft:ender_eye":1,"minecraft:melon_slice":23,"minecraft:iron_pickaxe":26,"minecraft:cobblestone":13},"minecraft:dropped":{"phayriosis:sluggle_eggs":2,"phayriosis:sensitive_antenna":1,"minecraft:diamond":1,"phayriosis:scarlet_claws":6,"phayriosis:swollen_heart":1,"phayriosis:assimilated_flesh":5,"minecraft:dirt":1,"minecraft:torch":9,"minecraft:melon_slice":1,"phayriosis:vein_seeds":1,"tacz:modern_kinetic_gun":2,"phayriosis:putrid_globy":1,"minecraft:iron_pickaxe":2,"minecraft:tuff":2,"phayriosis:crimsonscale":7,"phayriosis:overgrown_molar":1,"minecraft:stone_pickaxe":4,"minecraft:wooden_pickaxe":1},"minecraft:broken":{"minecraft:stone_pickaxe":1},"minecraft:killed":{"minecraft:cave_spider":1,"phayriosis:primitive_assimilated_bear":1,"phayriosis:primitive_assimilated_spider":1,"minecraft:spider":6,"phayriosis:primitive_assimilated_sheep":1,"minecraft:skeleton":8,"phayriosis:primitve_assimilated_human":4,"phayriosis:primtive_assimilated_pig":3,"minecraft:pig":2,"phayriosis:infector":3,"minecraft:salmon":7,"minecraft:rabbit":1,"phayriosis:assimilated_mite":2,"phayriosis:primitive_mindless_creeper":1,"phayriosis:converted_goat":1,"minecraft:sheep":5,"phayriosis:primitive_assimilated_wolf":2,"minecraft:zombie":5,"phayriosis:primitive_mindless_skeleton":1,"minecraft:enderman":4},"minecraft:custom":{"minecraft:mob_kills":59,"minecraft:interact_with_crafting_table":9,"minecraft:leave_game":3,"minecraft:time_since_death":13116,"minecraft:climb_one_cm":3042,"minecraft:damage_resisted":93,"minecraft:sprint_one_cm":227731,"minecraft:walk_one_cm":355814,"minecraft:drop":38,"minecraft:play_time":118183,"minecraft:deaths":11,"minecraft:sneak_time":17516,"minecraft:walk_under_water_one_cm":28074,"minecraft:jump":942,"minecraft:walk_on_water_one_cm":28179,"minecraft:total_world_time":118183,"minecraft:interact_with_furnace":19,"minecraft:time_since_rest":13144,"minecraft:damage_taken":3319,"minecraft:damage_absorbed":40,"minecraft:damage_dealt":690,"minecraft:swim_one_cm":9757,"minecraft:fly_one_cm":87985,"minecraft:player_kills":4,"minecraft:crouch_one_cm":27851,"minecraft:fall_one_cm":12632}},"DataVersion":3465}