{"stats":{"minecraft:mined":{"phayriosis:infestationb":1,"minecraft:crafting_table":1,"minecraft:torch":1,"minecraft:granite":26,"minecraft:grass_block":1,"minecraft:melon":25,"minecraft:copper_ore":8,"phayriosis:meteor_stone":2,"minecraft:diorite":3,"minecraft:sandstone":20,"phayriosis:mound":1,"phayriosis:assimilated_remains":8,"minecraft:iron_ore":1,"minecraft:grass":16,"minecraft:coal_ore":15,"minecraft:sand":23,"phayriosis:assimilated_corpse":2,"minecraft:stone":140,"phayriosis:convertedgore":1,"minecraft:oak_leaves":4,"minecraft:deepslate":9,"minecraft:fern":3},"minecraft:killed_by":{"minecraft:player":2,"phayriosis:primitve_assimilated_human":2},"minecraft:picked_up":{"minecraft:crafting_table":1,"minecraft:salmon":2,"minecraft:wooden_pickaxe":1,"minecraft:dirt":2,"minecraft:string":3,"minecraft:raw_copper":25,"tacz:ammo":276,"phayriosis:assimilated_flesh":6,"minecraft:wheat_seeds":8,"minecraft:cobbled_deepslate":9,"phayriosis:overgrown_molar":1,"minecraft:rabbit_hide":2,"minecraft:stone_pickaxe":4,"minecraft:rabbit":1,"minecraft:melon_slice":374,"minecraft:egg":2,"minecraft:raw_iron":1,"minecraft:sandstone":20,"god:scrollof_life":2,"minecraft:torch":1,"phayriosis:sluggle_eggs":2,"phayriosis:vein_seeds":1,"minecraft:sand":33,"minecraft:jungle_planks":33,"minecraft:diorite":3,"phayriosis:meteor_stone":1,"minecraft:diamond":1,"tacz:modern_kinetic_gun":5,"minecraft:granite":26,"phayriosis:scarlet_claws":4,"minecraft:coal":15,"minecraft:cobblestone":152},"minecraft:crafted":{"minecraft:wooden_pickaxe":1,"minecraft:stick":16,"minecraft:stone_pickaxe":4,"minecraft:torch":16},"minecraft:used":{"minecraft:stone_pickaxe":233,"minecraft:wooden_pickaxe":10,"minecraft:torch":1,"minecraft:crafting_table":1,"phayriosis:meteor_stone":1,"minecraft:melon_slice":10,"minecraft:cobblestone":13},"minecraft:dropped":{"phayriosis:sluggle_eggs":2,"phayriosis:scarlet_claws":4,"phayriosis:assimilated_flesh":3,"minecraft:torch":9,"phayriosis:overgrown_molar":1,"phayriosis:vein_seeds":1,"tacz:modern_kinetic_gun":1,"minecraft:wooden_pickaxe":1,"minecraft:stone_pickaxe":4},"minecraft:broken":{"minecraft:stone_pickaxe":1},"minecraft:killed":{"phayriosis:infector":1,"minecraft:salmon":2,"minecraft:rabbit":1,"phayriosis:primitve_assimilated_human":1},"minecraft:custom":{"minecraft:mob_kills":5,"minecraft:interact_with_crafting_table":5,"minecraft:leave_game":2,"minecraft:time_since_death":21953,"minecraft:climb_one_cm":148,"minecraft:time_since_rest":21980,"minecraft:sprint_one_cm":58664,"minecraft:damage_taken":1158,"minecraft:walk_one_cm":129121,"minecraft:drop":24,"minecraft:damage_dealt":49,"minecraft:swim_one_cm":1370,"minecraft:fly_one_cm":23342,"minecraft:player_kills":1,"minecraft:crouch_one_cm":8039,"minecraft:play_time":47331,"minecraft:deaths":4,"minecraft:sneak_time":4221,"minecraft:walk_under_water_one_cm":9905,"minecraft:jump":394,"minecraft:walk_on_water_one_cm":9184,"minecraft:total_world_time":47331,"minecraft:fall_one_cm":4629}},"DataVersion":3465}