{
  "minecraft:recipes/decorations/crafting_table": {
    "criteria": {
      "unlock_right_away": "2025-07-30 18:00:11 +0000"
    },
    "done": true
  },
  "minecraft:adventure/adventuring_time": {
    "criteria": {
      "minecraft:birch_forest": "2025-07-30 18:20:17 +0000",
      "minecraft:beach": "2025-07-30 18:07:47 +0000",
      "minecraft:river": "2025-07-30 18:12:04 +0000",
      "minecraft:forest": "2025-07-30 18:00:36 +0000",
      "minecraft:old_growth_birch_forest": "2025-07-30 18:00:11 +0000",
      "minecraft:plains": "2025-07-30 18:09:23 +0000"
    },
    "done": false
  },
  "minecraft:adventure/root": {
    "criteria": {
      "killed_something": "2025-07-30 18:07:27 +0000"
    },
    "done": true
  },
  "minecraft:adventure/kill_a_mob": {
    "criteria": {
      "minecraft:blaze": "2025-07-30 18:07:27 +0000",
      "minecraft:pillager": "2025-07-30 18:07:27 +0000",
      "minecraft:skeleton": "2025-07-30 18:07:27 +0000",
      "minecraft:elder_guardian": "2025-07-30 18:07:27 +0000",
      "minecraft:zoglin": "2025-07-30 18:07:27 +0000",
      "minecraft:ravager": "2025-07-30 18:07:27 +0000",
      "minecraft:ghast": "2025-07-30 18:07:27 +0000",
      "minecraft:hoglin": "2025-07-30 18:07:27 +0000",
      "minecraft:guardian": "2025-07-30 18:07:27 +0000",
      "minecraft:vindicator": "2025-07-30 18:07:27 +0000",
      "minecraft:magma_cube": "2025-07-30 18:07:27 +0000",
      "minecraft:piglin_brute": "2025-07-30 18:07:27 +0000",
      "minecraft:spider": "2025-07-30 18:07:27 +0000",
      "minecraft:creeper": "2025-07-30 18:07:27 +0000",
      "minecraft:wither": "2025-07-30 18:07:27 +0000",
      "minecraft:evoker": "2025-07-30 18:07:27 +0000",
      "minecraft:slime": "2025-07-30 18:07:27 +0000",
      "minecraft:phantom": "2025-07-30 18:07:27 +0000",
      "minecraft:zombified_piglin": "2025-07-30 18:07:27 +0000",
      "minecraft:witch": "2025-07-30 18:07:27 +0000",
      "minecraft:wither_skeleton": "2025-07-30 18:07:27 +0000",
      "minecraft:husk": "2025-07-30 18:07:27 +0000",
      "minecraft:ender_dragon": "2025-07-30 18:07:27 +0000",
      "minecraft:shulker": "2025-07-30 18:07:27 +0000",
      "minecraft:cave_spider": "2025-07-30 18:07:27 +0000",
      "minecraft:piglin": "2025-07-30 18:07:27 +0000",
      "minecraft:enderman": "2025-07-30 18:07:27 +0000",
      "minecraft:silverfish": "2025-07-30 18:07:27 +0000",
      "minecraft:stray": "2025-07-30 18:07:27 +0000",
      "minecraft:endermite": "2025-07-30 18:07:27 +0000",
      "minecraft:vex": "2025-07-30 18:07:27 +0000",
      "minecraft:zombie": "2025-07-30 18:07:27 +0000",
      "minecraft:drowned": "2025-07-30 18:07:27 +0000",
      "minecraft:zombie_villager": "2025-07-30 18:07:27 +0000"
    },
    "done": true
  },
  "minecraft:recipes/transportation/mangrove_boat": {
    "criteria": {
      "in_water": "2025-07-30 18:12:06 +0000"
    },
    "done": true
  },
  "minecraft:recipes/transportation/acacia_boat": {
    "criteria": {
      "in_water": "2025-07-30 18:12:06 +0000"
    },
    "done": true
  },
  "minecraft:recipes/transportation/cherry_boat": {
    "criteria": {
      "in_water": "2025-07-30 18:12:06 +0000"
    },
    "done": true
  },
  "minecraft:recipes/transportation/bamboo_raft": {
    "criteria": {
      "in_water": "2025-07-30 18:12:06 +0000"
    },
    "done": true
  },
  "minecraft:recipes/transportation/spruce_boat": {
    "criteria": {
      "in_water": "2025-07-30 18:12:06 +0000"
    },
    "done": true
  },
  "minecraft:recipes/transportation/birch_boat": {
    "criteria": {
      "in_water": "2025-07-30 18:12:06 +0000"
    },
    "done": true
  },
  "minecraft:recipes/transportation/oak_boat": {
    "criteria": {
      "in_water": "2025-07-30 18:12:06 +0000"
    },
    "done": true
  },
  "minecraft:recipes/transportation/jungle_boat": {
    "criteria": {
      "in_water": "2025-07-30 18:12:06 +0000"
    },
    "done": true
  },
  "minecraft:recipes/transportation/dark_oak_boat": {
    "criteria": {
      "in_water": "2025-07-30 18:12:06 +0000"
    },
    "done": true
  },
  "minecraft:adventure/kill_all_mobs": {
    "criteria": {
      "minecraft:skeleton": "2025-07-30 18:19:39 +0000",
      "minecraft:creeper": "2025-07-30 18:16:39 +0000"
    },
    "done": false
  },
  "tconstruct:tools/materials_and_you": {
    "criteria": {
      "crafted_book": "2025-07-31 02:05:07 +0000"
    },
    "done": true
  },
  "tconstruct:internal/starting_book": {
    "criteria": {
      "tick": "2025-07-31 02:05:07 +0000"
    },
    "done": true
  },
  "DataVersion": 3465
}