{
  "minecraft:recipes/misc/melon_seeds": {
    "criteria": {
      "has_melon": "2025-07-30 04:19:07 +0000"
    },
    "done": true
  },
  "minecraft:recipes/brewing/glistering_melon_slice": {
    "criteria": {
      "has_melon": "2025-07-30 04:19:07 +0000"
    },
    "done": true
  },
  "phayriosis:phayriosis_parasite_infection": {
    "criteria": {
      "phayriosis_parasite_infection_0": "2025-07-30 04:17:59 +0000"
    },
    "done": true
  },
  "minecraft:recipes/building_blocks/melon": {
    "criteria": {
      "has_melon": "2025-07-30 04:19:07 +0000"
    },
    "done": true
  },
  "minecraft:recipes/decorations/crafting_table": {
    "criteria": {
      "unlock_right_away": "2025-07-30 04:16:37 +0000"
    },
    "done": true
  },
  "minecraft:adventure/root": {
    "criteria": {
      "killed_by_something": "2025-07-30 04:17:21 +0000"
    },
    "done": true
  },
  "minecraft:adventure/adventuring_time": {
    "criteria": {
      "minecraft:beach": "2025-07-30 04:18:39 +0000",
      "minecraft:sparse_jungle": "2025-07-30 04:17:16 +0000",
      "minecraft:plains": "2025-07-30 04:16:38 +0000"
    },
    "done": false
  },
  "DataVersion": 3465
}